timestamp,contractSymbol,bid,ask,lastPrice,impliedVolatility,volume
1751829037,SPY250707C00450000,173.61,177.28,170.46,1.72265763671875,11958.0
1751829037,SPY250707C00485000,138.62,142.29,129.3,1.376956240234375,2.0
1751829037,SPY250707C00500000,123.62,127.34,120.51,1.2578162109375,0.0
1751829037,SPY250707C00525000,98.62,102.3,71.88,0.99023447265625,0.0
1751829037,SPY250707C00550000,73.63,77.33,74.09,0.7695335546875001,6.0
1751829037,SPY250707C00555000,68.64,72.33,62.61,0.7246121289062499,0.0
1751829037,SPY250707C00560000,63.64,67.32,59.74,0.6738313867187502,5.0
1751829037,SPY250707C00565000,58.64,62.32,60.66,0.6269568554687501,1.0
1751829037,SPY250707C00570000,53.65,57.32,50.34,0.5820354296875,34.0
1751829037,SPY250707C00571000,52.65,56.32,54.14,0.5722699023437501,1.0
1751829037,SPY250707C00572000,51.65,55.32,42.65,0.5634809277343751,2.0
1751829037,SPY250707C00573000,50.65,54.33,52.37,0.5566450585937501,1.0
1751829037,SPY250707C00574000,49.65,53.33,42.38,0.5468795312500001,1.0
1751829037,SPY250707C00575000,48.65,52.34,38.36,0.5400436621093752,2.0
1751829037,SPY250707C00576000,47.65,51.33,40.48,0.5273484765625001,1.0
1751829037,SPY250707C00579000,44.66,48.34,41.24,0.5039112109375,8.0
1751829037,SPY250707C00580000,43.66,47.35,45.51,0.834718449707031,32.0
1751829037,SPY250707C00581000,42.66,46.36,37.28,0.8217791259765624,1.0
1751829037,SPY250707C00582000,41.66,45.34,34.49,0.805666005859375,1.0
1751829037,SPY250707C00583000,40.66,44.35,43.08,0.7928487512207032,9.0
1751829037,SPY250707C00584000,39.66,43.36,42.34,0.7800314965820312,3.0
1751829037,SPY250707C00585000,40.23,40.53,35.13,0.4580132324218751,6.0
1751829037,SPY250707C00586000,37.67,41.34,39.64,0.7497583618164063,7.0
1751829037,SPY250707C00587000,36.67,40.36,31.83,0.7377955908203124,1.0
1751829037,SPY250707C00588000,35.67,39.37,37.0,0.7248562670898437,1.0
1751829037,SPY250707C00589000,34.67,38.35,34.65,0.7084990087890625,1.0
1751829037,SPY250707C00590000,33.71,35.53,27.78,0.40820904296875,1.0
1751829037,SPY250707C00591000,32.67,36.36,34.37,0.6811555322265627,5.0
1751829037,SPY250707C00592000,31.68,35.36,24.34,0.6667513793945314,1.0
1751829037,SPY250707C00593000,30.68,34.35,32.5,0.6513706738281251,1.0
1751829037,SPY250707C00594000,29.68,33.36,31.34,0.6380651428222657,10.0
1751829037,SPY250707C00595000,30.1,30.54,31.02,0.36133451171875,23.0
1751829037,SPY250707C00596000,27.69,31.36,29.67,0.6091347680664063,10.0
1751829037,SPY250707C00597000,26.69,30.36,27.61,0.5944864770507813,7.0
1751829037,SPY250707C00598000,25.69,29.37,27.62,0.5808147387695313,6.0
1751829037,SPY250707C00599000,24.69,28.37,26.44,0.5661664477539063,59.0
1751829037,SPY250707C00600000,24.67,25.56,25.34,0.3154365332031249,102.0
1751829037,SPY250707C00601000,23.38,26.38,24.9,0.5373581420898439,16.0
1751829037,SPY250707C00602000,23.43,23.57,23.5,0.2973703076171874,26.0
1751829037,SPY250707C00603000,22.43,22.58,22.32,0.2890696093749999,11.0
1751829037,SPY250707C00604000,21.44,21.59,21.68,0.2805247729492187,27.0
1751829037,SPY250707C00605000,20.45,20.58,20.66,0.26758544921875,191.0
1751829037,SPY250707C00606000,19.46,19.59,20.29,0.25879647460937505,93.0
1751829037,SPY250707C00607000,18.47,18.6,18.87,0.2500075,101.0
1751829037,SPY250707C00608000,17.47,17.61,17.65,0.24073024902343748,132.0
1751829037,SPY250707C00609000,16.48,16.62,16.66,0.231452998046875,58.0
1751829037,SPY250707C00610000,15.5,15.63,15.44,0.2219316088867187,631.0
1751829037,SPY250707C00611000,14.51,14.64,14.61,0.21216608154296873,2314.0
1751829037,SPY250707C00612000,13.53,13.66,13.43,0.2036212451171875,2765.0
1751829037,SPY250707C00613000,12.55,12.68,12.62,0.1948322705078125,2473.0
1751829037,SPY250707C00614000,11.58,11.71,11.43,0.186531572265625,2251.0
1751829037,SPY250707C00615000,10.62,10.74,10.6,0.17798673583984376,736.0
1751829037,SPY250707C00616000,9.66,9.78,9.58,0.16968603759765627,763.0
1751829037,SPY250707C00617000,8.72,8.83,8.65,0.16187361572265624,1217.0
1751829037,SPY250707C00618000,7.8,7.9,7.98,0.15479360839843753,1622.0
1751829037,SPY250707C00619000,6.89,6.99,6.72,0.14820187744140628,1191.0
1751829037,SPY250707C00620000,6.01,6.1,5.94,0.141610146484375,5133.0
1751829037,SPY250707C00621000,5.15,5.24,5.06,0.13538462280273442,4665.0
1751829037,SPY250707C00622000,4.34,4.41,4.27,0.12903703002929687,7125.0
1751829037,SPY250707C00623000,3.57,3.63,3.55,0.12317771362304689,18004.0
1751829037,SPY250707C00624000,2.87,2.88,2.83,0.116219775390625,28025.0
1751829037,SPY250707C00625000,2.22,2.24,2.21,0.11182528808593749,52473.0
1751829037,SPY250707C00626000,1.65,1.67,1.65,0.10730873168945312,52233.0
1751829037,SPY250707C00627000,1.17,1.19,1.16,0.10303631347656249,31767.0
1751829037,SPY250707C00628000,0.78,0.8,0.79,0.09888596435546876,18631.0
1751829037,SPY250707C00629000,0.49,0.5,0.48,0.09473561523437501,23505.0
1751829037,SPY250707C00630000,0.29,0.3,0.3,0.09205009521484375,38126.0
1751829037,SPY250707C00635000,0.02,0.03,0.03,0.098641826171875,36231.0
1751829037,SPY250707C00640000,0.01,0.02,0.02,0.132821171875,7181.0
1751829037,SPY250707C00645000,0.0,0.01,0.01,0.1601646484375,158.0
1751829037,SPY250707C00650000,0.0,0.01,0.01,0.195320546875,13.0
1751829037,SPY250707C00655000,0.0,0.01,0.01,0.22657023437499998,2102.0
1751829037,SPY250707C00660000,0.0,0.01,0.01,0.2617261328125,11.0
1751829037,SPY250707C00665000,0.0,0.01,0.01,0.29688203124999996,1000.0
1751829037,SPY250707C00670000,0.0,0.01,0.01,0.32813171874999997,0.0
1751829037,SPY250707C00675000,0.0,0.01,0.01,0.35938140625,1.0
1751829037,SPY250707C00690000,0.0,0.01,0.01,0.45313046875,0.0
1751829037,SPY250707C00695000,0.0,0.01,0.01,0.48438015625,0.0
1751829037,SPY250707C00700000,0.0,0.01,0.01,0.507817421875,21.0
1751829037,SPY250707P00450000,0.0,0.01,0.01,1.3125034374999998,13.0
1751829037,SPY250707P00455000,0.0,0.01,0.03,1.2812535937499998,0.0
1751829037,SPY250707P00460000,0.0,0.01,0.01,1.2500037499999999,30.0
1751829037,SPY250707P00465000,0.0,0.01,0.02,1.1875040625,0.0
1751829037,SPY250707P00470000,0.0,0.01,0.02,1.15625421875,0.0
1751829037,SPY250707P00475000,0.0,0.01,0.03,1.125004375,0.0
1751829037,SPY250707P00480000,0.0,0.01,0.03,1.0625046875000002,0.0
1751829037,SPY250707P00485000,0.0,0.01,0.03,1.0312548437500002,0.0
1751829037,SPY250707P00490000,0.0,0.01,0.01,0.98437515625,205.0
1751829037,SPY250707P00495000,0.0,0.01,0.01,0.9687503125,1.0
1751829037,SPY250707P00500000,0.0,0.01,0.01,0.9062509375,32.0
1751829037,SPY250707P00505000,0.0,0.01,0.01,0.87500125,1.0
1751829037,SPY250707P00510000,0.0,0.01,0.01,0.8437515624999999,4.0
1751829037,SPY250707P00515000,0.0,0.01,0.01,0.8125018749999999,3.0
1751829037,SPY250707P00520000,0.0,0.01,0.01,0.7656273437500001,70.0
1751829037,SPY250707P00525000,0.0,0.01,0.01,0.7187528125,11.0
1751829037,SPY250707P00530000,0.0,0.01,0.01,0.6875031250000001,21.0
1751829037,SPY250707P00535000,0.01,0.02,0.01,0.7187528125,154.0
1751829037,SPY250707P00540000,0.01,0.02,0.01,0.6796907031250001,1068.0
1751829037,SPY250707P00545000,0.01,0.02,0.01,0.64062859375,4817.0
1751829037,SPY250707P00550000,0.01,0.02,0.01,0.6015664843750002,262.0
1751829037,SPY250707P00555000,0.01,0.02,0.02,0.5625043750000001,333.0
1751829037,SPY250707P00560000,0.01,0.02,0.02,0.523442265625,839.0
1751829037,SPY250707P00565000,0.02,0.03,0.02,0.5117236328125,1398.0
1751829037,SPY250707P00570000,0.02,0.03,0.03,0.4804739453125,2486.0
1751829037,SPY250707P00571000,0.02,0.03,0.02,0.4726615234375,176.0
1751829037,SPY250707P00572000,0.02,0.03,0.04,0.46484910156250003,367.0
1751829037,SPY250707P00573000,0.02,0.03,0.04,0.45508357421875,243.0
1751829037,SPY250707P00574000,0.02,0.03,0.03,0.445318046875,388.0
1751829037,SPY250707P00575000,0.02,0.03,0.03,0.437505625,2952.0
1751829037,SPY250707P00576000,0.03,0.04,0.03,0.445318046875,703.0
1751829037,SPY250707P00577000,0.03,0.04,0.03,0.437505625,922.0
1751829037,SPY250707P00578000,0.03,0.04,0.02,0.42774009765625004,753.0
1751829037,SPY250707P00579000,0.03,0.04,0.02,0.41992767578125,3103.0
1751829037,SPY250707P00580000,0.03,0.04,0.04,0.4101621484375,2524.0
1751829037,SPY250707P00581000,0.03,0.04,0.04,0.4023497265625,3332.0
1751829037,SPY250707P00582000,0.03,0.04,0.03,0.39453730468750003,626.0
1751829037,SPY250707P00583000,0.03,0.04,0.03,0.38672488281249995,68.0
1751829037,SPY250707P00584000,0.03,0.04,0.04,0.37695935546875,100.0
1751829037,SPY250707P00585000,0.03,0.04,0.04,0.36914693359375,1088.0
1751829037,SPY250707P00586000,0.04,0.05,0.04,0.3711000390625,744.0
1751829037,SPY250707P00587000,0.04,0.05,0.04,0.362311064453125,1377.0
1751829037,SPY250707P00588000,0.04,0.05,0.05,0.35352208984374994,235.0
1751829037,SPY250707P00589000,0.04,0.05,0.04,0.34570966796874997,133.0
1751829037,SPY250707P00590000,0.04,0.05,0.05,0.335944140625,1885.0
1751829037,SPY250707P00591000,0.04,0.05,0.06,0.32813171874999997,31.0
1751829037,SPY250707P00592000,0.04,0.05,0.04,0.3193427441406249,105.0
1751829037,SPY250707P00593000,0.05,0.06,0.05,0.31836619140624994,222.0
1751829037,SPY250707P00594000,0.05,0.06,0.06,0.309577216796875,57.0
1751829037,SPY250707P00595000,0.05,0.06,0.05,0.3007882421875,283.0
1751829037,SPY250707P00596000,0.05,0.06,0.07,0.2919992675781249,174.0
1751829037,SPY250707P00597000,0.06,0.07,0.05,0.2890696093749999,219.0
1751829037,SPY250707P00598000,0.06,0.07,0.07,0.2802806347656249,1016.0
1751829037,SPY250707P00599000,0.06,0.07,0.06,0.27149166015625,907.0
1751829037,SPY250707P00600000,0.07,0.08,0.07,0.266608896484375,2684.0
1751829037,SPY250707P00601000,0.07,0.08,0.08,0.257819921875,500.0
1751829037,SPY250707P00602000,0.07,0.08,0.08,0.249030947265625,1641.0
1751829037,SPY250707P00603000,0.08,0.09,0.08,0.2436599072265625,514.0
1751829037,SPY250707P00604000,0.08,0.09,0.08,0.23438265625,4307.0
1751829037,SPY250707P00605000,0.09,0.1,0.1,0.22852333984375,3609.0
1751829037,SPY250707P00606000,0.09,0.1,0.1,0.21875781249999998,3304.0
1751829037,SPY250707P00607000,0.1,0.11,0.12,0.21289849609375,2552.0
1751829037,SPY250707P00608000,0.11,0.12,0.11,0.20606262695312497,3804.0
1751829037,SPY250707P00609000,0.12,0.13,0.12,0.19873848144531248,3775.0
1751829037,SPY250707P00610000,0.13,0.14,0.14,0.1914143359375,9904.0
1751829037,SPY250707P00611000,0.15,0.16,0.15,0.18555501953124998,4250.0
1751829037,SPY250707P00612000,0.16,0.17,0.16,0.1772543212890625,4901.0
1751829037,SPY250707P00613000,0.19,0.2,0.2,0.17237155761718753,4812.0
1751829037,SPY250707P00614000,0.21,0.22,0.22,0.1645591357421875,10229.0
1751829037,SPY250707P00615000,0.25,0.26,0.26,0.159188095703125,16010.0
1751829037,SPY250707P00616000,0.29,0.3,0.31,0.15284050292968754,7895.0
1751829037,SPY250707P00617000,0.35,0.36,0.35,0.14771360107421877,10574.0
1751829037,SPY250707P00618000,0.42,0.43,0.42,0.1420984228515625,11140.0
1751829037,SPY250707P00619000,0.51,0.52,0.53,0.13697152099609378,13248.0
1751829037,SPY250707P00620000,0.62,0.63,0.63,0.13147841186523437,26955.0
1751829037,SPY250707P00621000,0.76,0.77,0.78,0.12622944091796873,14621.0
1751829037,SPY250707P00622000,0.94,0.95,0.96,0.12134667724609374,17184.0
1751829037,SPY250707P00623000,1.16,1.18,1.17,0.1167080517578125,32652.0
1751829037,SPY250707P00624000,1.45,1.47,1.47,0.11231356445312499,33986.0
1751829037,SPY250707P00625000,1.79,1.81,1.8,0.10700355895996094,59874.0
1751829037,SPY250707P00626000,2.22,2.24,2.25,0.10242596801757811,45722.0
1751829037,SPY250707P00627000,2.73,2.77,2.84,0.09851975708007812,11466.0
1751829037,SPY250707P00628000,3.33,3.4,3.47,0.09510182250976565,1649.0
1751829037,SPY250707P00629000,4.02,4.07,4.2,0.08777767700195313,1031.0
1751829037,SPY250707P00630000,4.82,4.92,5.0,0.08814388427734376,1611.0
1751829037,SPY250707P00635000,7.72,10.19,9.8,0.18091639404296872,222.0
1751829037,SPY250707P00640000,12.77,15.6,14.48,0.28711650390624993,24.0
1751829037,SPY250707P00645000,17.69,21.44,19.15,0.43054768676757815,6.0
1751829037,SPY250707P00650000,22.77,26.44,24.75,0.4979298254394532,4.0
1751829037,SPY250707P00670000,42.75,46.44,44.1,0.7424342163085937,3.0
1751829037,SPY250707P00695000,67.75,71.44,75.93,1.0131885278320314,0.0
1751829037,SPY250708C00535000,88.69,92.38,70.09,0.77929908203125,0.0
1751829037,SPY250708C00540000,83.7,87.37,65.29,0.7382838671874999,0.0
1751829037,SPY250708C00545000,78.7,82.37,74.47,0.6982452050781252,0.0
1751829037,SPY250708C00550000,73.7,77.38,69.6,0.6601596484375001,2.0
1751829037,SPY250708C00560000,63.71,67.39,56.6,0.5830119824218749,0.0
1751829037,SPY250708C00565000,58.72,62.4,40.57,0.5463912548828126,0.0
1751829037,SPY250708C00570000,53.72,57.41,56.38,0.5073291455078125,13.0
1751829037,SPY250708C00575000,48.73,52.4,50.01,0.7429224926757811,2.0
1751829037,SPY250708C00580000,43.74,47.43,46.19,0.6890900231933594,4.0
1751829037,SPY250708C00581000,42.74,46.42,37.36,0.676761044921875,0.0
1751829037,SPY250708C00583000,40.74,44.42,34.84,0.6538120556640626,1.0
1751829037,SPY250708C00585000,38.75,42.43,40.97,0.6317175500488281,5.0
1751829037,SPY250708C00586000,37.75,41.43,29.95,0.6201209863281252,1.0
1751829037,SPY250708C00587000,36.75,40.42,31.62,0.6076699389648439,0.0
1751829037,SPY250708C00588000,35.75,39.43,27.11,0.5970499279785157,1.0
1751829037,SPY250708C00590000,33.76,37.44,25.28,0.5745892150878906,2.0
1751829037,SPY250708C00592000,31.76,35.44,27.73,0.5510298803710938,1.0
1751829037,SPY250708C00593000,30.77,34.46,32.46,0.5410202148437502,2.0
1751829037,SPY250708C00594000,29.77,33.44,23.16,0.527470545654297,101.0
1751829037,SPY250708C00595000,30.5,30.64,29.45,0.317389638671875,1.0
1751829037,SPY250708C00596000,29.5,29.65,29.69,0.31055376953124997,2.0
1751829037,SPY250708C00597000,28.5,28.66,16.0,0.30371790039062496,0.0
1751829037,SPY250708C00598000,27.51,27.66,28.11,0.29492892578124996,12.0
1751829037,SPY250708C00599000,26.51,26.67,27.14,0.2876047802734374,5.0
1751829037,SPY250708C00600000,25.52,25.67,25.58,0.2788158056640625,7.0
1751829037,SPY250708C00601000,24.53,24.68,22.59,0.27149166015625,2.0
1751829037,SPY250708C00602000,23.54,23.69,23.62,0.26392337646484376,14.0
1751829037,SPY250708C00603000,22.55,22.7,22.67,0.2563550927734375,2.0
1751829037,SPY250708C00604000,21.56,21.71,19.96,0.2485426708984375,2.0
1751829037,SPY250708C00605000,20.57,20.71,20.65,0.23926541992187497,15.0
1751829037,SPY250708C00606000,19.58,19.73,20.5,0.23267368896484375,9.0
1751829037,SPY250708C00607000,18.6,18.74,13.79,0.2243729907226562,34.0
1751829037,SPY250708C00608000,17.62,17.76,18.19,0.2172929833984375,1.0
1751829037,SPY250708C00609000,16.64,16.78,16.89,0.20996883789062498,93.0
1751829037,SPY250708C00610000,15.67,15.81,15.9,0.20337710693359373,24.0
1751829037,SPY250708C00611000,14.7,14.83,15.25,0.19556468505859376,33.0
1751829037,SPY250708C00612000,13.74,13.87,13.71,0.18921709228515626,58.0
1751829037,SPY250708C00613000,12.79,12.91,12.83,0.1825032922363281,33.0
1751829037,SPY250708C00614000,11.85,11.97,11.83,0.17701018310546873,76.0
1751829037,SPY250708C00615000,10.91,11.03,11.12,0.17078465942382814,177.0
1751829037,SPY250708C00616000,9.99,10.11,10.14,0.16529155029296877,138.0
1751829037,SPY250708C00617000,9.09,9.2,9.12,0.15979844116210937,1415.0
1751829037,SPY250708C00618000,8.21,8.31,8.38,0.15454947021484378,473.0
1751829037,SPY250708C00619000,7.35,7.44,7.34,0.14930049926757813,1134.0
1751829037,SPY250708C00620000,6.51,6.6,6.61,0.14466187377929687,2103.0
1751829037,SPY250708C00621000,5.71,5.78,5.89,0.13953497192382813,1457.0
1751829037,SPY250708C00622000,4.95,5.01,5.02,0.13538462280273442,1845.0
1751829037,SPY250708C00623000,4.23,4.27,4.12,0.13086806640624998,2501.0
1751829037,SPY250708C00624000,3.55,3.58,3.49,0.12659564819335936,5742.0
1751829037,SPY250708C00625000,2.92,2.95,2.87,0.12281150634765625,8088.0
1751829037,SPY250708C00626000,2.35,2.38,2.31,0.11914943359374999,4707.0
1751829037,SPY250708C00627000,1.85,1.87,1.84,0.11548736083984376,3544.0
1751829037,SPY250708C00628000,1.41,1.43,1.38,0.11213046081542967,4565.0
1751829037,SPY250708C00629000,1.04,1.06,1.04,0.1088956298828125,2078.0
1751829037,SPY250708C00630000,0.74,0.76,0.73,0.10596597167968749,5717.0
1751829037,SPY250708C00635000,0.09,0.1,0.09,0.098641826171875,18296.0
1751829037,SPY250708C00640000,0.02,0.03,0.03,0.11524322265625,4616.0
1751829037,SPY250708C00645000,0.01,0.02,0.01,0.14063359375,2798.0
1751829037,SPY250708C00650000,0.0,0.01,0.01,0.15821154296875,713.0
1751829037,SPY250708C00655000,0.0,0.01,0.01,0.187508125,114.0
1751829037,SPY250708C00660000,0.0,0.01,0.01,0.2148516015625,35.0
1751829037,SPY250708C00665000,0.0,0.01,0.01,0.242195078125,4.0
1751829037,SPY250708C00670000,0.0,0.01,0.01,0.26563234375,1.0
1751829037,SPY250708C00675000,0.0,0.01,0.01,0.2929758203124999,0.0
1751829037,SPY250708P00450000,0.0,0.01,0.02,1.0625046875000002,0.0
1751829037,SPY250708P00460000,0.0,0.01,0.03,1.000005,0.0
1751829037,SPY250708P00465000,0.0,0.01,0.02,0.9687503125,0.0
1751829037,SPY250708P00470000,0.0,0.01,0.02,0.937500625,61.0
1751829037,SPY250708P00475000,0.0,0.01,0.01,0.9062509375,1.0
1751829037,SPY250708P00485000,0.0,0.01,0.02,0.8437515624999999,1.0
1751829037,SPY250708P00490000,0.0,0.01,0.02,0.8125018749999999,1.0
1751829037,SPY250708P00495000,0.0,0.01,0.01,0.7812521875,1.0
1751829037,SPY250708P00500000,0.0,0.01,0.01,0.7500025,5.0
1751829037,SPY250708P00505000,0.0,0.01,0.01,0.7187528125,30.0
1751829037,SPY250708P00510000,0.0,0.01,0.01,0.6875031250000001,35.0
1751829037,SPY250708P00515000,0.01,0.02,0.01,0.7187528125,30.0
1751829037,SPY250708P00520000,0.01,0.02,0.02,0.6875031250000001,7.0
1751829037,SPY250708P00525000,0.01,0.02,0.01,0.648441015625,101.0
1751829037,SPY250708P00530000,0.01,0.02,0.01,0.6171913281250001,60.0
1751829037,SPY250708P00535000,0.01,0.02,0.01,0.585941640625,91.0
1751829037,SPY250708P00540000,0.01,0.02,0.02,0.5546919531250001,811.0
1751829037,SPY250708P00545000,0.02,0.03,0.01,0.5468795312500001,863.0
1751829037,SPY250708P00550000,0.02,0.03,0.03,0.51562984375,1529.0
1751829037,SPY250708P00555000,0.02,0.03,0.02,0.49219257812500006,1695.0
1751829037,SPY250708P00560000,0.02,0.03,0.03,0.45703667968750006,122.0
1751829037,SPY250708P00565000,0.03,0.04,0.04,0.437505625,7.0
1751829037,SPY250708P00570000,0.03,0.04,0.05,0.40430283203125,98.0
1751829037,SPY250708P00575000,0.04,0.05,0.05,0.3789124609375,335.0
1751829037,SPY250708P00577000,0.04,0.05,0.05,0.36524072265625,7.0
1751829037,SPY250708P00578000,0.04,0.05,0.04,0.35938140625,41.0
1751829037,SPY250708P00579000,0.04,0.05,0.04,0.35156898437499995,4.0
1751829037,SPY250708P00580000,0.04,0.05,0.06,0.344733115234375,1205.0
1751829037,SPY250708P00581000,0.04,0.05,0.06,0.33789724609375,2508.0
1751829037,SPY250708P00582000,0.05,0.06,0.05,0.33789724609375,33.0
1751829037,SPY250708P00583000,0.05,0.06,0.05,0.331061376953125,71.0
1751829037,SPY250708P00584000,0.05,0.06,0.06,0.3242255078124999,154.0
1751829037,SPY250708P00585000,0.05,0.06,0.06,0.31641308593749995,81.0
1751829037,SPY250708P00586000,0.05,0.06,0.06,0.31055376953124997,39.0
1751829037,SPY250708P00587000,0.05,0.06,0.07,0.30274134765625,5.0
1751829037,SPY250708P00588000,0.06,0.07,0.07,0.301764794921875,62.0
1751829037,SPY250708P00589000,0.06,0.07,0.06,0.29492892578124996,259.0
1751829037,SPY250708P00590000,0.06,0.07,0.08,0.28711650390624993,269.0
1751829037,SPY250708P00591000,0.06,0.07,0.06,0.2802806347656249,82.0
1751829037,SPY250708P00592000,0.07,0.08,0.09,0.27735097656249996,63.0
1751829037,SPY250708P00593000,0.07,0.08,0.11,0.270515107421875,87.0
1751829037,SPY250708P00594000,0.07,0.08,0.09,0.26270268554687504,95.0
1751829037,SPY250708P00595000,0.08,0.09,0.08,0.25977302734375,765.0
1751829037,SPY250708P00596000,0.08,0.09,0.1,0.25196060546875,60.0
1751829037,SPY250708P00597000,0.09,0.1,0.11,0.2485426708984375,63.0
1751829037,SPY250708P00598000,0.09,0.1,0.12,0.241218525390625,181.0
1751829037,SPY250708P00599000,0.1,0.11,0.13,0.2368240380859375,722.0
1751829037,SPY250708P00600000,0.1,0.11,0.11,0.22901161621093752,1705.0
1751829037,SPY250708P00601000,0.11,0.12,0.11,0.22412885253906245,695.0
1751829037,SPY250708P00602000,0.12,0.13,0.12,0.2192460888671875,711.0
1751829037,SPY250708P00603000,0.13,0.14,0.13,0.213875048828125,563.0
1751829037,SPY250708P00604000,0.14,0.15,0.13,0.20801573242187496,1264.0
1751829037,SPY250708P00605000,0.15,0.16,0.14,0.20215641601562498,5285.0
1751829037,SPY250708P00606000,0.16,0.17,0.16,0.196297099609375,1521.0
1751829037,SPY250708P00607000,0.18,0.19,0.17,0.19190261230468753,978.0
1751829037,SPY250708P00608000,0.2,0.21,0.19,0.18677571044921876,1228.0
1751829037,SPY250708P00609000,0.22,0.23,0.22,0.18140467041015623,1588.0
1751829037,SPY250708P00610000,0.24,0.25,0.24,0.17554535400390625,3185.0
1751829037,SPY250708P00611000,0.27,0.28,0.29,0.1706625903320313,632.0
1751829037,SPY250708P00612000,0.31,0.32,0.33,0.1662681030273438,977.0
1751829037,SPY250708P00613000,0.36,0.37,0.37,0.16236189208984375,527.0
1751829037,SPY250708P00614000,0.41,0.42,0.41,0.1577232666015625,1331.0
1751829037,SPY250708P00615000,0.47,0.49,0.49,0.1538170556640625,2801.0
1751829037,SPY250708P00616000,0.55,0.57,0.56,0.14991084472656252,1542.0
1751829037,SPY250708P00617000,0.65,0.66,0.65,0.145516357421875,2388.0
1751829037,SPY250708P00618000,0.76,0.77,0.76,0.14136600830078128,4007.0
1751829037,SPY250708P00619000,0.89,0.91,0.93,0.1378260046386719,2891.0
1751829037,SPY250708P00620000,1.05,1.07,1.08,0.13404186279296876,8943.0
1751829037,SPY250708P00621000,1.25,1.27,1.3,0.13068496276855468,1361.0
1751829037,SPY250708P00622000,1.48,1.5,1.52,0.12708392456054687,3104.0
1751829037,SPY250708P00623000,1.74,1.77,1.79,0.12342185180664064,7617.0
1751829037,SPY250708P00624000,2.06,2.08,2.09,0.11939357177734375,4724.0
1751829037,SPY250708P00625000,2.43,2.46,2.49,0.11615874084472656,5995.0
1751829037,SPY250708P00626000,2.87,2.89,2.9,0.11255770263671874,5165.0
1751829037,SPY250708P00627000,3.35,3.39,3.45,0.10913976806640624,1125.0
1751829037,SPY250708P00628000,3.91,3.96,3.98,0.10584390258789061,286.0
1751829037,SPY250708P00629000,4.53,4.6,4.61,0.10254803710937499,81.0
1751829037,SPY250708P00630000,5.22,5.32,5.27,0.09998458618164063,563.0
1751829037,SPY250708P00635000,9.55,9.8,9.52,0.10572183349609374,120.0
1751829037,SPY250708P00640000,12.69,16.44,14.6,0.2933420275878905,3.0
1751829037,SPY250708P00645000,17.77,21.44,19.77,0.35156898437499995,8.0
1751829037,SPY250709C00450000,173.71,177.4,173.43,1.3222690136718749,27.0
1751829037,SPY250709C00500000,123.74,127.42,125.45,0.9521489160156249,14.0
1751829037,SPY250709C00520000,103.75,107.43,103.44,0.8085956640624999,2.0
1751829037,SPY250709C00540000,83.76,87.44,77.57,0.6660189648437502,1.0
1751829037,SPY250709C00550000,73.77,77.46,75.47,0.5986368261718751,4.0
1751829037,SPY250709C00565000,58.79,62.47,60.16,0.7473169799804689,5.0
1751829037,SPY250709C00570000,53.8,57.49,55.87,0.7003203796386719,13.0
1751829037,SPY250709C00575000,48.81,52.49,42.76,0.6511265356445313,1.0
1751829037,SPY250709C00577000,46.81,50.5,43.49,0.6322058264160157,47.0
1751829037,SPY250709C00578000,45.81,49.5,41.45,0.6223182299804688,1.0
1751829037,SPY250709C00580000,43.82,47.51,45.84,0.6032754516601564,7.0
1751829037,SPY250709C00581000,42.82,46.51,38.73,0.5932657861328126,0.0
1751829037,SPY250709C00582000,41.82,45.51,28.45,0.5833781896972656,0.0
1751829037,SPY250709C00585000,38.83,42.52,35.76,0.5540816076660158,31.0
1751829037,SPY250709C00586000,37.83,41.51,34.73,0.5432174584960938,10.0
1751829037,SPY250709C00587000,36.84,40.53,38.5,0.5346726220703125,1.0
1751829037,SPY250709C00588000,35.84,39.53,30.66,0.5245408874511719,0.0
1751829037,SPY250709C00590000,35.57,35.72,36.03,0.3266668896484375,11.0
1751829037,SPY250709C00592000,33.58,33.73,34.49,0.3129951513671875,4.0
1751829037,SPY250709C00593000,32.58,32.74,24.69,0.30664755859375,2.0
1751829037,SPY250709C00595000,30.6,30.75,30.6,0.2924875439453124,1.0
1751829037,SPY250709C00596000,29.6,29.76,29.76,0.2858958129882812,12.0
1751829037,SPY250709C00597000,28.61,28.77,29.05,0.27930408203124996,1.0
1751829037,SPY250709C00598000,27.62,27.77,21.61,0.2712475219726562,0.0
1751829037,SPY250709C00599000,26.63,26.79,24.71,0.26587648193359376,2.0
1751829037,SPY250709C00600000,25.64,25.8,25.69,0.2590406127929688,20.0
1751829037,SPY250709C00601000,24.66,24.81,16.25,0.25220474365234374,0.0
1751829037,SPY250709C00602000,23.67,23.82,24.27,0.245124736328125,1.0
1751829037,SPY250709C00603000,22.69,22.84,22.3,0.23902128173828124,6.0
1751829037,SPY250709C00604000,21.71,21.86,22.2,0.23267368896484375,27.0
1751829037,SPY250709C00605000,20.73,20.88,21.22,0.22632609619140626,10.0
1751829037,SPY250709C00606000,19.76,19.91,17.1,0.22071091796874998,1.0
1751829037,SPY250709C00607000,18.8,18.93,19.75,0.213875048828125,16.0
1751829037,SPY250709C00608000,17.83,17.97,18.63,0.20862607788085932,41.0
1751829037,SPY250709C00609000,16.87,17.01,16.84,0.2030108996582031,1.0
1751829037,SPY250709C00610000,15.92,16.05,16.19,0.19702951416015624,40.0
1751829037,SPY250709C00611000,14.98,15.11,15.61,0.192390888671875,23.0
1751829037,SPY250709C00612000,14.04,14.17,14.32,0.1870198486328125,93.0
1751829037,SPY250709C00613000,13.12,13.24,13.16,0.18201501586914062,19.0
1751829037,SPY250709C00614000,12.21,12.33,12.82,0.17762052856445312,42.0
1751829037,SPY250709C00615000,11.31,11.43,11.4,0.17322604125976562,94.0
1751829037,SPY250709C00616000,10.43,10.54,10.56,0.16858741577148442,112.0
1751829037,SPY250709C00617000,9.57,9.68,9.67,0.1648643084716797,273.0
1751829037,SPY250709C00618000,8.73,8.83,8.58,0.1606529248046875,6747.0
1751829037,SPY250709C00619000,7.91,8.0,8.19,0.15650257568359377,231.0
1751829037,SPY250709C00620000,7.12,7.2,7.07,0.15271843383789066,617.0
1751829037,SPY250709C00621000,6.37,6.43,6.18,0.14905636108398437,534.0
1751829037,SPY250709C00622000,5.64,5.69,5.68,0.14539428833007811,2169.0
1751829037,SPY250709C00623000,4.95,4.99,4.86,0.14203738830566404,1624.0
1751829037,SPY250709C00624000,4.3,4.33,4.26,0.1388025573730469,4169.0
1751829037,SPY250709C00625000,3.69,3.72,3.69,0.1358728991699219,3312.0
1751829037,SPY250709C00626000,3.12,3.15,3.05,0.132821171875,2672.0
1751829037,SPY250709C00627000,2.6,2.63,2.48,0.12983047912597656,2331.0
1751829037,SPY250709C00628000,2.13,2.15,2.12,0.12653461364746094,957.0
1751829037,SPY250709C00629000,1.71,1.73,1.64,0.1235439208984375,2491.0
1751829037,SPY250709C00630000,1.35,1.37,1.35,0.1209194354248047,4328.0
1751829037,SPY250709C00635000,0.28,0.29,0.29,0.10816321533203124,7526.0
1751829037,SPY250709C00640000,0.04,0.05,0.05,0.1069425244140625,3978.0
1751829037,SPY250709C00645000,0.01,0.02,0.02,0.1211025390625,1428.0
1751829037,SPY250709C00650000,0.01,0.02,0.02,0.148446015625,444.0
1751829037,SPY250709C00655000,0.0,0.01,0.01,0.1601646484375,3307.0
1751829037,SPY250709C00660000,0.0,0.01,0.01,0.18360191406249998,1000.0
1751829037,SPY250709C00665000,0.0,0.01,0.01,0.20703917968749996,11.0
1751829037,SPY250709C00670000,0.0,0.01,0.01,0.2304764453125,0.0
1751829037,SPY250709C00675000,0.0,0.01,0.01,0.25391371093750004,2.0
1751829037,SPY250709C00690000,0.0,0.01,0.01,0.32031929687499994,0.0
1751829037,SPY250709C00700000,0.0,0.01,0.01,0.35938140625,15.0
1751829037,SPY250709P00450000,0.0,0.01,0.01,0.937500625,1.0
1751829037,SPY250709P00455000,0.0,0.01,0.01,0.9062509375,100.0
1751829037,SPY250709P00460000,0.0,0.01,0.01,0.87500125,1.0
1751829037,SPY250709P00465000,0.0,0.01,0.02,0.8437515624999999,40.0
1751829037,SPY250709P00470000,0.0,0.01,0.01,0.8125018749999999,30.0
1751829037,SPY250709P00475000,0.0,0.01,0.01,0.7812521875,900.0
1751829037,SPY250709P00480000,0.0,0.01,0.01,0.7500025,1800.0
1751829037,SPY250709P00485000,0.0,0.01,0.01,0.73437765625,915.0
1751829037,SPY250709P00490000,0.0,0.01,0.05,0.70312796875,1.0
1751829037,SPY250709P00495000,0.0,0.01,0.05,0.6718782812500002,1.0
1751829037,SPY250709P00500000,0.0,0.01,0.01,0.6562534375000001,6.0
1751829037,SPY250709P00505000,0.0,0.01,0.01,0.6250037500000001,10.0
1751829037,SPY250709P00510000,0.0,0.01,0.01,0.5937540625000001,1.0
1751829037,SPY250709P00515000,0.01,0.02,0.01,0.6250037500000001,25.0
1751829037,SPY250709P00520000,0.01,0.02,0.02,0.5937540625000001,140.0
1751829037,SPY250709P00525000,0.01,0.02,0.02,0.5625043750000001,100.0
1751829037,SPY250709P00530000,0.01,0.02,0.01,0.5390671093750001,556.0
1751829037,SPY250709P00535000,0.01,0.02,0.01,0.507817421875,876.0
1751829037,SPY250709P00540000,0.02,0.03,0.02,0.5039112109375,457.0
1751829037,SPY250709P00545000,0.02,0.03,0.02,0.48438015625,691.0
1751829037,SPY250709P00550000,0.02,0.03,0.03,0.45508357421875,480.0
1751829037,SPY250709P00555000,0.02,0.03,0.03,0.42578699218750005,101.0
1751829037,SPY250709P00560000,0.03,0.04,0.06,0.4101621484375,1.0
1751829037,SPY250709P00565000,0.03,0.04,0.05,0.3789124609375,4.0
1751829037,SPY250709P00570000,0.04,0.05,0.06,0.35938140625,3.0
1751829037,SPY250709P00575000,0.04,0.05,0.05,0.32813171874999997,16.0
1751829037,SPY250709P00577000,0.05,0.06,0.04,0.3242255078124999,61.0
1751829037,SPY250709P00578000,0.05,0.06,0.07,0.317389638671875,67.0
1751829037,SPY250709P00579000,0.05,0.06,0.04,0.31153032226562494,1.0
1751829037,SPY250709P00580000,0.05,0.06,0.07,0.305671005859375,7.0
1751829037,SPY250709P00581000,0.05,0.06,0.08,0.29883513671874995,5.0
1751829037,SPY250709P00582000,0.06,0.07,0.08,0.29883513671874995,71.0
1751829037,SPY250709P00583000,0.06,0.07,0.05,0.2929758203124999,1.0
1751829037,SPY250709P00584000,0.06,0.07,0.06,0.28613995117187496,34.0
1751829037,SPY250709P00585000,0.06,0.07,0.09,0.2802806347656249,26.0
1751829037,SPY250709P00586000,0.07,0.08,0.1,0.278327529296875,32.0
1751829037,SPY250709P00587000,0.07,0.08,0.09,0.27246821289062495,43.0
1751829037,SPY250709P00588000,0.07,0.08,0.1,0.26563234375,4.0
1751829037,SPY250709P00589000,0.08,0.09,0.09,0.26367923828125,101.0
1751829037,SPY250709P00590000,0.08,0.09,0.1,0.257819921875,162.0
1751829037,SPY250709P00591000,0.09,0.1,0.1,0.25489026367187506,82.0
1751829037,SPY250709P00592000,0.09,0.1,0.09,0.24805439453125,31.0
1751829037,SPY250709P00593000,0.1,0.11,0.11,0.245124736328125,146.0
1751829037,SPY250709P00594000,0.1,0.11,0.1,0.23828886718749998,285.0
1751829037,SPY250709P00595000,0.11,0.12,0.13,0.2348709326171875,635.0
1751829037,SPY250709P00596000,0.11,0.12,0.15,0.2280350634765625,659.0
1751829037,SPY250709P00597000,0.12,0.13,0.14,0.22412885253906245,940.0
1751829037,SPY250709P00598000,0.13,0.14,0.13,0.22022264160156246,239.0
1751829037,SPY250709P00599000,0.14,0.15,0.16,0.215828154296875,51.0
1751829037,SPY250709P00600000,0.15,0.16,0.17,0.21094539062499998,1591.0
1751829037,SPY250709P00601000,0.17,0.18,0.17,0.20801573242187496,225.0
1751829037,SPY250709P00602000,0.18,0.19,0.18,0.20264469238281246,116.0
1751829037,SPY250709P00603000,0.2,0.21,0.2,0.1992267578125,329.0
1751829037,SPY250709P00604000,0.22,0.23,0.25,0.195320546875,378.0
1751829037,SPY250709P00605000,0.24,0.25,0.25,0.1909260595703125,3690.0
1751829037,SPY250709P00606000,0.26,0.27,0.25,0.1860432958984375,636.0
1751829037,SPY250709P00607000,0.29,0.3,0.29,0.18238122314453126,1348.0
1751829037,SPY250709P00608000,0.33,0.34,0.34,0.17920742675781248,560.0
1751829037,SPY250709P00609000,0.37,0.38,0.38,0.17554535400390625,2083.0
1751829037,SPY250709P00610000,0.42,0.43,0.43,0.17237155761718753,1777.0
1751829037,SPY250709P00611000,0.47,0.48,0.49,0.16846534667968754,262.0
1751829037,SPY250709P00612000,0.54,0.55,0.56,0.1656577575683594,481.0
1751829037,SPY250709P00613000,0.61,0.62,0.59,0.16199568481445312,444.0
1751829037,SPY250709P00614000,0.7,0.71,0.71,0.15906602661132813,290.0
1751829037,SPY250709P00615000,0.8,0.81,0.81,0.15601429931640626,3934.0
1751829037,SPY250709P00616000,0.91,0.93,0.95,0.1530846411132813,615.0
1751829037,SPY250709P00617000,1.05,1.06,1.06,0.14984981018066407,894.0
1751829037,SPY250709P00618000,1.2,1.22,1.24,0.14710325561523438,3578.0
1751829037,SPY250709P00619000,1.38,1.4,1.4,0.1442346319580078,1893.0
1751829037,SPY250709P00620000,1.58,1.6,1.61,0.14106083557128907,2824.0
1751829037,SPY250709P00621000,1.82,1.84,1.86,0.13843635009765626,798.0
1751829037,SPY250709P00622000,2.09,2.11,2.13,0.13562876098632815,2180.0
1751829037,SPY250709P00623000,2.39,2.41,2.45,0.13257703369140628,1810.0
1751829037,SPY250709P00624000,2.73,2.76,2.8,0.129891513671875,2094.0
1751829037,SPY250709P00625000,3.12,3.15,3.18,0.12708392456054687,3659.0
1751829037,SPY250709P00626000,3.55,3.58,3.63,0.12397116271972657,1801.0
1751829037,SPY250709P00627000,4.03,4.06,4.07,0.12085840087890626,601.0
1751829037,SPY250709P00628000,4.56,4.6,4.66,0.11805081176757812,120.0
1751829037,SPY250709P00629000,5.14,5.19,5.38,0.11506011901855469,144.0
1751829037,SPY250709P00630000,5.77,5.84,5.87,0.11219149536132811,226.0
1751829037,SPY250709P00635000,9.71,9.84,9.87,0.09668872070312501,28.0
1751829037,SPY250709P00640000,14.25,14.99,13.93,0.15259636474609378,4.0
1751829037,SPY250709P00660000,32.73,36.44,48.27,0.4415339050292969,2.0
1751829037,SPY250709P00690000,62.72,66.44,73.46,0.6799348413085939,1.0
1751829037,SPY250710C00450000,173.77,177.45,175.73,1.2177773486328123,4.0
1751829037,SPY250710C00500000,123.8,127.48,125.7,0.877930908203125,2.0
1751829037,SPY250710C00510000,113.81,117.49,115.76,0.813478427734375,2.0
1751829037,SPY250710C00520000,103.82,107.5,95.91,0.7490259472656251,2.0
1751829037,SPY250710C00565000,58.87,62.55,60.78,0.6750520776367189,1.0
1751829037,SPY250710C00570000,53.88,57.56,49.36,0.631839619140625,1.0
1751829037,SPY250710C00575000,48.89,52.57,44.22,0.5883830224609375,0.0
1751829037,SPY250710C00577000,46.9,50.57,36.42,0.5706830041503907,3.0
1751829037,SPY250710C00578000,45.9,49.59,35.43,0.5632367895507813,1.0
1751829037,SPY250710C00580000,43.91,47.58,39.44,0.5446822875976562,0.0
1751829037,SPY250710C00581000,42.91,46.6,44.91,0.5371140039062501,7.0
1751829037,SPY250710C00585000,40.64,40.8,32.28,0.33887379882812496,1.0
1751829037,SPY250710C00586000,37.93,41.61,32.11,0.49255878540039066,1.0
1751829037,SPY250710C00587000,38.65,38.81,32.73,0.32617861328125,0.0
1751829037,SPY250710C00589000,36.66,36.82,30.79,0.313483427734375,0.0
1751829037,SPY250710C00590000,35.67,35.82,35.77,0.3061592822265625,1.0
1751829037,SPY250710C00592000,33.68,33.84,25.27,0.29444064941406245,0.0
1751829037,SPY250710C00593000,32.69,32.85,32.93,0.28833719482421866,1.0
1751829037,SPY250710C00594000,31.7,31.86,32.56,0.28247787841796873,1.0
1751829037,SPY250710C00595000,30.71,30.87,30.95,0.2761302856445312,2.0
1751829037,SPY250710C00596000,29.72,29.88,30.29,0.2700268310546875,3.0
1751829037,SPY250710C00597000,28.73,28.89,21.51,0.26367923828125,0.0
1751829037,SPY250710C00598000,27.75,27.9,19.79,0.2573316455078125,0.0
1751829037,SPY250710C00600000,25.78,25.93,26.03,0.24536887451171874,7.0
1751829037,SPY250710C00601000,24.8,24.95,25.04,0.23963162719726558,4.0
1751829037,SPY250710C00602000,23.83,23.98,24.23,0.23462679443359374,5.0
1751829037,SPY250710C00603000,22.85,23.0,22.06,0.22876747802734376,7.0
1751829037,SPY250710C00604000,21.88,22.03,21.59,0.22339643798828124,4.0
1751829037,SPY250710C00605000,20.92,21.06,21.36,0.21790332885742186,9.0
1751829037,SPY250710C00606000,19.96,20.1,20.2,0.21289849609375,13.0
1751829037,SPY250710C00607000,19.0,19.14,19.55,0.20777159423828123,8.0
1751829037,SPY250710C00608000,18.05,18.19,18.68,0.20288883056640622,22.0
1751829037,SPY250710C00609000,17.11,17.25,17.15,0.19849434326171872,10.0
1751829037,SPY250710C00610000,16.18,16.31,15.9,0.19373364868164064,45.0
1751829037,SPY250710C00611000,15.25,15.38,15.34,0.18909502319335939,25.0
1751829037,SPY250710C00612000,14.34,14.47,15.01,0.18531088134765622,23.0
1751829037,SPY250710C00613000,13.44,13.56,13.5,0.18091639404296872,16.0
1751829037,SPY250710C00614000,12.55,12.67,12.8,0.17701018310546873,31.0
1751829037,SPY250710C00615000,11.68,11.79,11.54,0.17310397216796874,43.0
1751829037,SPY250710C00616000,10.82,10.92,10.84,0.16895362304687503,36.0
1751829037,SPY250710C00617000,9.98,10.08,10.2,0.16553568847656253,93.0
1751829037,SPY250710C00618000,9.17,9.25,9.66,0.16175154663085936,225.0
1751829037,SPY250710C00619000,8.37,8.45,8.28,0.1583946466064453,146.0
1751829037,SPY250710C00620000,7.6,7.67,7.45,0.1549156774902344,2016.0
1751829037,SPY250710C00621000,6.86,6.92,7.56,0.15174188110351564,240.0
1751829037,SPY250710C00622000,6.15,6.2,5.97,0.1485680847167969,605.0
1751829037,SPY250710C00623000,5.47,5.51,5.39,0.14539428833007811,1056.0
1751829037,SPY250710C00624000,4.83,4.86,4.96,0.14246463012695312,1807.0
1751829037,SPY250710C00625000,4.22,4.24,4.2,0.13935186828613283,4011.0
1751829037,SPY250710C00626000,3.65,3.68,3.61,0.13697152099609378,3819.0
1751829037,SPY250710C00627000,3.13,3.15,3.25,0.13422496643066406,3558.0
1751829037,SPY250710C00628000,2.63,2.66,2.61,0.1313563427734375,1834.0
1751829037,SPY250710C00629000,2.19,2.22,2.18,0.1287318572998047,893.0
1751829037,SPY250710C00630000,1.8,1.82,1.75,0.125985302734375,3682.0
1751829037,SPY250710C00635000,0.5,0.52,0.5,0.1137783935546875,4747.0
1751829037,SPY250710C00640000,0.09,0.1,0.1,0.1069425244140625,3837.0
1751829037,SPY250710C00645000,0.02,0.03,0.03,0.11426666992187501,1667.0
1751829037,SPY250710C00650000,0.01,0.02,0.02,0.132821171875,1489.0
1751829037,SPY250710C00655000,0.01,0.02,0.02,0.15528188476562502,55.0
1751829037,SPY250710C00660000,0.0,0.01,0.01,0.16407085937500002,187.0
1751829037,SPY250710C00665000,0.0,0.01,0.01,0.187508125,157.0
1751829037,SPY250710C00670000,0.0,0.01,0.02,0.20703917968749996,0.0
1751829037,SPY250710C00680000,0.0,0.01,0.01,0.2461012890625,0.0
1751829037,SPY250710C00690000,0.0,0.01,0.02,0.28516339843749994,0.0
1751829037,SPY250710C00700000,0.0,0.01,0.01,0.32031929687499994,1.0
1751829037,SPY250710P00450000,0.0,0.01,0.01,0.8437515624999999,10.0
1751829037,SPY250710P00465000,0.0,0.01,0.02,0.7500025,50.0
1751829037,SPY250710P00470000,0.0,0.01,0.01,0.7187528125,12.0
1751829037,SPY250710P00475000,0.0,0.01,0.01,0.70312796875,280.0
1751829037,SPY250710P00480000,0.0,0.01,0.02,0.6875031250000001,280.0
1751829037,SPY250710P00485000,0.0,0.01,0.01,0.6562534375000001,190.0
1751829037,SPY250710P00490000,0.01,0.02,0.02,0.6875031250000001,160.0
1751829037,SPY250710P00495000,0.01,0.02,0.02,0.6601596484375001,30.0
1751829037,SPY250710P00500000,0.01,0.02,0.01,0.632816171875,110.0
1751829037,SPY250710P00505000,0.01,0.02,0.02,0.6093789062500001,11.0
1751829037,SPY250710P00510000,0.01,0.02,0.02,0.5820354296875,123.0
1751829037,SPY250710P00515000,0.01,0.02,0.06,0.5546919531250001,2.0
1751829037,SPY250710P00520000,0.01,0.02,0.03,0.5312546875,4.0
1751829037,SPY250710P00525000,0.01,0.02,0.05,0.507817421875,13.0
1751829037,SPY250710P00530000,0.01,0.02,0.01,0.49219257812500006,20.0
1751829037,SPY250710P00535000,0.02,0.03,0.03,0.48438015625,20.0
1751829037,SPY250710P00540000,0.02,0.03,0.02,0.45898978515625005,62.0
1751829037,SPY250710P00545000,0.02,0.03,0.03,0.4335994140625,276.0
1751829037,SPY250710P00550000,0.02,0.03,0.04,0.4062559375,1.0
1751829037,SPY250710P00555000,0.03,0.04,0.05,0.39258419921875,134.0
1751829037,SPY250710P00560000,0.03,0.04,0.05,0.36524072265625,26.0
1751829037,SPY250710P00565000,0.04,0.05,0.05,0.34766277343749996,1513.0
1751829037,SPY250710P00570000,0.05,0.06,0.06,0.32813171874999997,232.0
1751829037,SPY250710P00575000,0.05,0.06,0.08,0.3007882421875,55.0
1751829037,SPY250710P00577000,0.06,0.07,0.12,0.29492892578124996,123.0
1751829037,SPY250710P00578000,0.06,0.07,0.17,0.29004616210937495,0.0
1751829037,SPY250710P00579000,0.06,0.07,0.14,0.2841868457031249,3.0
1751829037,SPY250710P00580000,0.07,0.08,0.08,0.28321029296874994,90.0
1751829037,SPY250710P00581000,0.07,0.08,0.09,0.27735097656249996,22.0
1751829037,SPY250710P00582000,0.07,0.08,0.1,0.27246821289062495,3.0
1751829037,SPY250710P00583000,0.08,0.09,0.1,0.270515107421875,2.0
1751829037,SPY250710P00584000,0.08,0.09,0.09,0.264655791015625,6.0
1751829037,SPY250710P00585000,0.08,0.09,0.13,0.25879647460937505,38.0
1751829037,SPY250710P00586000,0.09,0.1,0.11,0.256843369140625,4.0
1751829037,SPY250710P00587000,0.09,0.1,0.13,0.25098405273437496,18.0
1751829037,SPY250710P00588000,0.1,0.11,0.14,0.249030947265625,135.0
1751829037,SPY250710P00589000,0.1,0.11,0.13,0.243171630859375,14.0
1751829037,SPY250710P00590000,0.11,0.12,0.14,0.24024197265624997,619.0
1751829037,SPY250710P00591000,0.11,0.12,0.12,0.23438265625,139.0
1751829037,SPY250710P00592000,0.12,0.13,0.18,0.2309647216796875,55.0
1751829037,SPY250710P00593000,0.13,0.14,0.16,0.22754678710937498,46.0
1751829037,SPY250710P00594000,0.14,0.15,0.2,0.22412885253906245,9.0
1751829037,SPY250710P00595000,0.15,0.16,0.19,0.22022264160156246,106.0
1751829037,SPY250710P00596000,0.16,0.17,0.19,0.215828154296875,62.0
1751829037,SPY250710P00597000,0.17,0.18,0.19,0.21167780517578122,139.0
1751829037,SPY250710P00598000,0.19,0.2,0.25,0.20899228515624996,23.0
1751829037,SPY250710P00599000,0.2,0.21,0.21,0.20459779785156246,154.0
1751829037,SPY250710P00600000,0.22,0.23,0.22,0.20117986328124998,3079.0
1751829037,SPY250710P00601000,0.24,0.25,0.24,0.1977619287109375,56.0
1751829037,SPY250710P00602000,0.26,0.27,0.26,0.19385571777343752,1429.0
1751829037,SPY250710P00603000,0.28,0.29,0.28,0.18970536865234378,381.0
1751829037,SPY250710P00604000,0.31,0.32,0.32,0.18677571044921876,414.0
1751829037,SPY250710P00605000,0.35,0.36,0.33,0.18433432861328125,685.0
1751829037,SPY250710P00606000,0.38,0.39,0.39,0.1801839794921875,235.0
1751829037,SPY250710P00607000,0.43,0.44,0.41,0.17786466674804688,780.0
1751829037,SPY250710P00608000,0.48,0.49,0.47,0.174812939453125,1478.0
1751829037,SPY250710P00609000,0.53,0.54,0.52,0.1713950048828125,1348.0
1751829037,SPY250710P00610000,0.6,0.61,0.62,0.16895362304687503,2073.0
1751829037,SPY250710P00611000,0.67,0.68,0.66,0.16590189575195316,379.0
1751829037,SPY250710P00612000,0.75,0.77,0.74,0.16346051391601565,218.0
1751829037,SPY250710P00613000,0.85,0.86,0.84,0.16040878662109376,621.0
1751829037,SPY250710P00614000,0.96,0.97,0.99,0.15784533569335937,2075.0
1751829037,SPY250710P00615000,1.08,1.1,1.1,0.15552602294921875,3946.0
1751829037,SPY250710P00616000,1.22,1.24,1.24,0.15284050292968754,2757.0
1751829037,SPY250710P00617000,1.38,1.4,1.35,0.15027705200195315,2875.0
1751829037,SPY250710P00618000,1.56,1.58,1.59,0.14771360107421877,1822.0
1751829037,SPY250710P00619000,1.76,1.78,1.82,0.1450280810546875,517.0
1751829037,SPY250710P00620000,1.98,2.01,2.03,0.14258669921875,6637.0
1751829037,SPY250710P00621000,2.24,2.26,2.28,0.1397791101074219,662.0
1751829037,SPY250710P00622000,2.52,2.55,2.57,0.13739876281738284,898.0
1751829037,SPY250710P00623000,2.84,2.86,2.91,0.13453013916015627,2037.0
1751829037,SPY250710P00624000,3.19,3.22,3.21,0.13208875732421876,3630.0
1751829037,SPY250710P00625000,3.58,3.61,3.64,0.1294032373046875,4200.0
1751829037,SPY250710P00626000,4.01,4.04,4.09,0.12671771728515624,961.0
1751829037,SPY250710P00627000,4.48,4.51,4.63,0.12378805908203125,628.0
1751829037,SPY250710P00628000,5.0,5.04,5.02,0.12146874633789062,137.0
1751829037,SPY250710P00629000,5.55,5.61,5.67,0.11878322631835936,135.0
1751829037,SPY250710P00630000,6.15,6.22,6.26,0.11579253356933594,214.0
1751829037,SPY250710P00635000,9.87,10.0,9.41,0.10096113891601563,27.0
1751829037,SPY250710P00640000,14.3,14.99,14.35,0.13648324462890626,19.0
1751829037,SPY250710P00645000,19.27,19.99,20.75,0.1706625903320313,1.0
1751829037,SPY250710P00650000,24.27,25.0,32.06,0.2043536596679687,0.0
1751829037,SPY250711C00375000,248.87,252.57,251.33,1.7265638671875,2.0
1751829037,SPY250711C00380000,243.88,247.57,222.31,1.689454677734375,15.0
1751829037,SPY250711C00400000,223.9,227.62,225.79,1.5488303808593749,5638.0
1751829037,SPY250711C00410000,213.9,217.58,215.84,1.4628933105468749,2.0
1751829037,SPY250711C00415000,208.91,212.59,186.7,1.4296903515625,0.0
1751829037,SPY250711C00420000,203.91,207.59,183.1,1.3925811621093749,0.0
1751829037,SPY250711C00435000,188.93,192.65,191.12,1.2988316308593748,3.0
1751829037,SPY250711C00450000,173.94,177.66,175.85,1.1953165234375,5638.0
1751829037,SPY250711C00455000,168.94,172.67,148.47,1.1611370068359377,2.0
1751829037,SPY250711C00460000,163.95,167.63,165.87,1.12109814453125,2.0
1751829037,SPY250711C00465000,158.96,162.63,154.65,1.087895185546875,2.0
1751829037,SPY250711C00470000,153.96,157.64,128.5,1.0551805053710939,0.0
1751829037,SPY250711C00475000,148.96,152.64,126.06,1.0205127099609377,2.0
1751829037,SPY250711C00480000,143.97,147.65,118.58,0.9897461962890625,2.0
1751829037,SPY250711C00485000,138.97,142.67,117.57,0.9589847851562499,4.0
1751829037,SPY250711C00490000,135.53,135.85,111.94,0.8833019482421874,2.0
1751829037,SPY250711C00495000,130.39,130.87,103.08,0.8291032714843749,2.0
1751829037,SPY250711C00500000,123.99,127.67,118.05,0.86132951171875,16.0
1751829037,SPY250711C00505000,119.24,122.43,113.02,0.8295915478515624,1.0
1751829037,SPY250711C00510000,114.0,117.68,116.36,0.797853583984375,2.0
1751829037,SPY250711C00515000,110.4,110.88,83.28,0.708010732421875,2.0
1751829037,SPY250711C00520000,104.01,107.69,98.75,0.7348659326171875,3.0
1751829037,SPY250711C00525000,99.02,102.7,88.29,0.7041045214843751,5.0
1751829037,SPY250711C00530000,94.03,97.7,94.86,0.6728548339843752,1.0
1751829037,SPY250711C00535000,89.03,92.71,71.85,0.641605146484375,1.0
1751829037,SPY250711C00540000,84.04,87.72,77.59,0.6108437353515627,4.0
1751829037,SPY250711C00545000,79.05,82.73,80.44,0.5805706005859376,3.0
1751829037,SPY250711C00550000,74.44,77.74,76.08,0.5803264624023439,11.0
1751829037,SPY250711C00555000,69.07,72.75,71.32,0.5190477783203125,1.0
1751829037,SPY250711C00560000,65.62,65.98,65.82,0.4973194799804688,6.0
1751829037,SPY250711C00565000,60.49,60.98,61.5,0.46411668701171876,2.0
1751829037,SPY250711C00566000,58.1,61.78,60.03,0.6250037500000001,3.0
1751829037,SPY250711C00567000,57.1,60.78,33.5,0.6168251208496094,1.0
1751829037,SPY250711C00568000,56.1,59.78,58.8,0.6086464916992189,2.0
1751829037,SPY250711C00569000,55.11,58.8,44.24,0.601810622558594,2.0
1751829037,SPY250711C00570000,54.11,57.79,47.9,0.5930216479492189,1.0
1751829037,SPY250711C00571000,53.11,56.79,47.61,0.584843018798828,1.0
1751829037,SPY250711C00572000,53.66,53.99,37.24,0.41919526123046874,2.0
1751829037,SPY250711C00573000,52.43,54.8,51.36,0.5690961059570312,1.0
1751829037,SPY250711C00574000,50.13,53.81,51.55,0.561527822265625,6.0
1751829037,SPY250711C00575000,50.65,51.02,49.09,0.4028380029296875,4.0
1751829037,SPY250711C00576000,48.13,51.82,41.57,0.5456588403320313,1.0
1751829037,SPY250711C00577000,47.14,50.83,48.18,0.5380905566406251,13.0
1751829037,SPY250711C00578000,47.85,48.01,39.39,0.3815979809570312,10.0
1751829037,SPY250711C00579000,46.86,47.01,47.15,0.37476211181640623,4.0
1751829037,SPY250711C00580000,45.87,46.01,46.41,0.36817038085937503,16.0
1751829037,SPY250711C00581000,44.87,45.02,37.91,0.36255520263671875,3.0
1751829037,SPY250711C00582000,43.87,44.03,37.09,0.3569400244140625,1.0
1751829037,SPY250711C00583000,42.88,43.03,42.4,0.3501041552734374,2.0
1751829037,SPY250711C00584000,41.89,42.04,35.12,0.34448897705078124,9.0
1751829037,SPY250711C00585000,40.89,41.04,41.54,0.33765310791015624,57.0
1751829037,SPY250711C00586000,39.9,40.05,34.48,0.33179379150390625,1.0
1751829037,SPY250711C00587000,38.91,39.06,39.18,0.3259344750976562,1.0
1751829037,SPY250711C00588000,37.92,38.07,32.95,0.3200751586914062,5.0
1751829037,SPY250711C00589000,36.93,37.07,37.0,0.31323928955078123,2.0
1751829037,SPY250711C00590000,35.93,36.08,35.88,0.30725790405273434,142.0
1751829037,SPY250711C00591000,34.95,35.09,30.06,0.3012765185546875,21.0
1751829037,SPY250711C00592000,33.96,34.1,34.9,0.2951730639648437,5.0
1751829037,SPY250711C00593000,32.97,33.12,33.32,0.28992409301757804,5.0
1751829037,SPY250711C00594000,31.99,32.13,32.02,0.2836985693359374,7.0
1751829037,SPY250711C00595000,31.0,31.14,31.05,0.27747304565429687,7.0
1751829037,SPY250711C00596000,30.02,30.16,30.58,0.27197993652343744,18.0
1751829037,SPY250711C00597000,29.03,29.18,29.72,0.26636475830078127,35.0
1751829037,SPY250711C00598000,28.06,28.2,28.54,0.260749580078125,56.0
1751829037,SPY250711C00599000,27.08,27.22,27.19,0.25489026367187506,30.0
1751829037,SPY250711C00600000,26.1,26.24,26.29,0.249030947265625,205.0
1751829037,SPY250711C00601000,25.13,25.27,25.81,0.24378197631835938,41.0
1751829037,SPY250711C00602000,24.16,24.3,24.46,0.23841093627929685,30.0
1751829037,SPY250711C00603000,23.2,23.33,23.39,0.23279575805664063,31.0
1751829037,SPY250711C00604000,22.24,22.37,22.25,0.22766885620117186,19.0
1751829037,SPY250711C00605000,21.28,21.42,21.63,0.2230302307128906,368.0
1751829037,SPY250711C00606000,20.33,20.46,20.27,0.2176591906738281,43.0
1751829037,SPY250711C00607000,19.39,19.52,19.56,0.21314263427734376,211.0
1751829037,SPY250711C00607500,18.92,19.05,18.65,0.21070125244140625,21.0
1751829037,SPY250711C00608000,18.45,18.58,18.73,0.2082598706054687,111.0
1751829037,SPY250711C00609000,17.52,17.65,17.67,0.20374331420898437,23.0
1751829037,SPY250711C00610000,16.6,16.73,16.79,0.19947089599609374,522.0
1751829037,SPY250711C00611000,15.69,15.81,16.25,0.1947102014160156,35.0
1751829037,SPY250711C00612000,14.79,14.9,15.01,0.1901936450195313,91.0
1751829037,SPY250711C00613000,13.9,14.01,14.02,0.18616536499023437,119.0
1751829037,SPY250711C00614000,13.02,13.13,12.99,0.1821370849609375,90.0
1751829037,SPY250711C00615000,12.16,12.27,12.06,0.17841397766113282,614.0
1751829037,SPY250711C00616000,11.32,11.42,12.14,0.17456880126953128,2073.0
1751829037,SPY250711C00617000,10.49,10.58,10.37,0.17054052124023442,639.0
1751829037,SPY250711C00618000,9.69,9.77,9.74,0.16706155212402346,518.0
1751829037,SPY250711C00619000,8.9,8.98,9.0,0.16358258300781253,543.0
1751829037,SPY250711C00620000,8.14,8.21,8.12,0.1601646484375,3765.0
1751829037,SPY250711C00621000,7.41,7.46,7.46,0.15662464477539065,1116.0
1751829037,SPY250711C00622000,6.7,6.75,6.67,0.15357291748046875,2586.0
1751829037,SPY250711C00623000,6.02,6.06,5.94,0.15033808654785158,4288.0
1751829037,SPY250711C00624000,5.38,5.41,5.31,0.14740842834472656,5087.0
1751829037,SPY250711C00625000,4.76,4.79,4.75,0.14441773559570312,25337.0
1751829037,SPY250711C00626000,4.18,4.21,4.15,0.141610146484375,3662.0
1751829037,SPY250711C00627000,3.64,3.66,3.5,0.13861945373535156,3257.0
1751829037,SPY250711C00628000,3.14,3.16,3.09,0.1360560028076172,1392.0
1751829037,SPY250711C00629000,2.67,2.7,2.61,0.1334925518798828,2222.0
1751829037,SPY250711C00630000,2.25,2.27,2.23,0.13062392822265623,16417.0
1751829037,SPY250711C00631000,1.87,1.89,1.85,0.12806047729492187,815.0
1751829037,SPY250711C00632000,1.53,1.55,1.5,0.12549702636718751,2171.0
1751829037,SPY250711C00633000,1.24,1.25,1.24,0.12287254089355469,1128.0
1751829037,SPY250711C00634000,0.98,0.99,0.96,0.12024805541992187,3321.0
1751829037,SPY250711C00635000,0.76,0.78,0.75,0.11829494995117187,7923.0
1751829037,SPY250711C00640000,0.18,0.19,0.18,0.11036045898437499,7874.0
1751829037,SPY250711C00645000,0.04,0.05,0.05,0.11182528808593749,6107.0
1751829037,SPY250711C00650000,0.02,0.03,0.03,0.12696185546875,3622.0
1751829037,SPY250711C00655000,0.01,0.02,0.02,0.141610146484375,157.0
1751829037,SPY250711C00660000,0.01,0.02,0.01,0.16211775390625,63.0
1751829037,SPY250711C00665000,0.0,0.01,0.01,0.16993017578125003,4499.0
1751829037,SPY250711C00670000,0.0,0.01,0.01,0.187508125,10.0
1751829037,SPY250711C00675000,0.0,0.01,0.01,0.20703917968749996,1.0
1751829037,SPY250711C00680000,0.0,0.01,0.01,0.22657023437499998,1.0
1751829037,SPY250711C00685000,0.0,0.01,0.01,0.242195078125,10.0
1751829037,SPY250711C00690000,0.0,0.01,0.01,0.257819921875,10.0
1751829037,SPY250711C00695000,0.0,0.01,0.01,0.27735097656249996,0.0
1751829037,SPY250711C00700000,0.0,0.01,0.01,0.29688203124999996,0.0
1751829037,SPY250711P00375000,0.0,0.01,0.01,1.15625421875,302.0
1751829037,SPY250711P00380000,0.0,0.01,0.01,1.125004375,500.0
1751829037,SPY250711P00385000,0.0,0.01,0.01,1.09375453125,15.0
1751829037,SPY250711P00390000,0.0,0.01,0.01,1.0625046875000002,500.0
1751829037,SPY250711P00395000,0.0,0.01,0.01,1.0312548437500002,1.0
1751829037,SPY250711P00400000,0.0,0.01,0.01,1.015629921875,3.0
1751829037,SPY250711P00405000,0.0,0.01,0.02,0.98437515625,151.0
1751829037,SPY250711P00410000,0.0,0.01,0.02,0.9687503125,4.0
1751829037,SPY250711P00415000,0.0,0.01,0.01,0.937500625,120.0
1751829037,SPY250711P00420000,0.0,0.01,0.01,0.9062509375,1.0
1751829037,SPY250711P00425000,0.0,0.01,0.02,0.87500125,3.0
1751829037,SPY250711P00430000,0.0,0.01,0.01,0.85937640625,74.0
1751829037,SPY250711P00435000,0.0,0.01,0.01,0.8437515624999999,233.0
1751829037,SPY250711P00440000,0.0,0.01,0.01,0.8125018749999999,1.0
1751829037,SPY250711P00445000,0.0,0.01,0.01,0.7812521875,6.0
1751829037,SPY250711P00450000,0.0,0.01,0.01,0.7500025,10.0
1751829037,SPY250711P00455000,0.0,0.01,0.01,0.73437765625,8.0
1751829037,SPY250711P00460000,0.0,0.01,0.01,0.7187528125,6095.0
1751829037,SPY250711P00465000,0.0,0.01,0.01,0.6875031250000001,763.0
1751829037,SPY250711P00470000,0.0,0.01,0.01,0.6562534375000001,50.0
1751829037,SPY250711P00475000,0.0,0.01,0.01,0.64062859375,24.0
1751829037,SPY250711P00480000,0.0,0.01,0.01,0.6250037500000001,22.0
1751829037,SPY250711P00485000,0.01,0.02,0.02,0.648441015625,47.0
1751829037,SPY250711P00490000,0.01,0.02,0.02,0.6250037500000001,38.0
1751829037,SPY250711P00495000,0.01,0.02,0.01,0.6015664843750002,4.0
1751829037,SPY250711P00500000,0.01,0.02,0.02,0.57812921875,47.0
1751829037,SPY250711P00505000,0.01,0.02,0.02,0.5546919531250001,1008.0
1751829037,SPY250711P00510000,0.01,0.02,0.01,0.5312546875,35.0
1751829037,SPY250711P00515000,0.01,0.02,0.01,0.507817421875,8.0
1751829037,SPY250711P00520000,0.01,0.02,0.02,0.49609878906250005,29.0
1751829037,SPY250711P00525000,0.02,0.03,0.02,0.49219257812500006,288.0
1751829037,SPY250711P00530000,0.02,0.03,0.03,0.4687553125,34.0
1751829037,SPY250711P00535000,0.02,0.03,0.03,0.44336494140625,172.0
1751829037,SPY250711P00540000,0.02,0.03,0.04,0.41797457031249996,114.0
1751829037,SPY250711P00545000,0.03,0.04,0.04,0.4062559375,124.0
1751829037,SPY250711P00550000,0.03,0.04,0.05,0.38281867187499996,425.0
1751829037,SPY250711P00555000,0.04,0.05,0.05,0.367193828125,46.0
1751829037,SPY250711P00560000,0.05,0.06,0.06,0.34961587890624996,1544.0
1751829037,SPY250711P00565000,0.05,0.06,0.08,0.3242255078124999,210.0
1751829037,SPY250711P00566000,0.06,0.07,0.09,0.32617861328125,104.0
1751829037,SPY250711P00567000,0.06,0.07,0.06,0.32031929687499994,11.0
1751829037,SPY250711P00568000,0.06,0.07,0.1,0.3154365332031249,54.0
1751829037,SPY250711P00569000,0.06,0.07,0.08,0.31055376953124997,3.0
1751829037,SPY250711P00570000,0.06,0.07,0.1,0.304694453125,379.0
1751829037,SPY250711P00571000,0.07,0.08,0.07,0.305671005859375,40.0
1751829037,SPY250711P00572000,0.07,0.08,0.09,0.299811689453125,187.0
1751829037,SPY250711P00573000,0.07,0.08,0.1,0.29492892578124996,248.0
1751829037,SPY250711P00574000,0.07,0.08,0.08,0.29004616210937495,326.0
1751829037,SPY250711P00575000,0.08,0.09,0.08,0.2890696093749999,846.0
1751829037,SPY250711P00576000,0.08,0.09,0.11,0.2836985693359374,12.0
1751829037,SPY250711P00577000,0.08,0.09,0.13,0.278327529296875,213.0
1751829037,SPY250711P00578000,0.09,0.1,0.09,0.27735097656249996,14.0
1751829037,SPY250711P00579000,0.09,0.1,0.15,0.27197993652343744,18.0
1751829037,SPY250711P00580000,0.1,0.11,0.1,0.2700268310546875,619.0
1751829037,SPY250711P00581000,0.1,0.11,0.11,0.264655791015625,40.0
1751829037,SPY250711P00582000,0.1,0.11,0.11,0.25928475097656256,247.0
1751829037,SPY250711P00583000,0.11,0.12,0.14,0.2573316455078125,41.0
1751829037,SPY250711P00584000,0.11,0.12,0.13,0.25196060546875,65.0
1751829037,SPY250711P00585000,0.12,0.13,0.12,0.24951922363281248,444.0
1751829037,SPY250711P00586000,0.13,0.14,0.14,0.24658956542968752,435.0
1751829037,SPY250711P00587000,0.13,0.14,0.14,0.241218525390625,163.0
1751829037,SPY250711P00588000,0.14,0.15,0.16,0.23828886718749998,87.0
1751829037,SPY250711P00589000,0.15,0.16,0.15,0.2348709326171875,239.0
1751829037,SPY250711P00590000,0.16,0.17,0.16,0.231452998046875,1435.0
1751829037,SPY250711P00591000,0.17,0.18,0.21,0.2280350634765625,72.0
1751829037,SPY250711P00592000,0.18,0.19,0.19,0.22412885253906245,956.0
1751829037,SPY250711P00593000,0.19,0.2,0.2,0.22022264160156246,614.0
1751829037,SPY250711P00594000,0.2,0.21,0.24,0.21631643066406248,260.0
1751829037,SPY250711P00595000,0.22,0.23,0.22,0.213875048828125,839.0
1751829037,SPY250711P00596000,0.23,0.24,0.25,0.20948056152343747,80.0
1751829037,SPY250711P00597000,0.25,0.26,0.25,0.20655090332031245,394.0
1751829037,SPY250711P00598000,0.27,0.28,0.27,0.20313296874999998,361.0
1751829037,SPY250711P00599000,0.29,0.3,0.29,0.1997150341796875,266.0
1751829037,SPY250711P00600000,0.31,0.32,0.32,0.1958088232421875,5393.0
1751829037,SPY250711P00601000,0.34,0.35,0.34,0.19312330322265625,367.0
1751829037,SPY250711P00602000,0.37,0.38,0.36,0.18994950683593753,1383.0
1751829037,SPY250711P00603000,0.4,0.41,0.4,0.186531572265625,13214.0
1751829037,SPY250711P00604000,0.44,0.45,0.45,0.18372398315429686,541.0
1751829037,SPY250711P00605000,0.48,0.49,0.49,0.1805501867675781,11255.0
1751829037,SPY250711P00606000,0.53,0.54,0.52,0.17774259765625,576.0
1751829037,SPY250711P00607000,0.58,0.6,0.6,0.17542328491210937,958.0
1751829037,SPY250711P00607500,0.61,0.63,0.59,0.17408052490234377,1241.0
1751829037,SPY250711P00608000,0.65,0.66,0.65,0.1726156958007813,1742.0
1751829037,SPY250711P00609000,0.71,0.73,0.72,0.16993017578125003,597.0
1751829037,SPY250711P00610000,0.8,0.81,0.8,0.16736672485351564,8097.0
1751829037,SPY250711P00611000,0.88,0.89,0.9,0.1641929284667969,1189.0
1751829037,SPY250711P00612000,0.97,0.99,1.0,0.16175154663085936,2092.0
1751829037,SPY250711P00613000,1.08,1.1,1.1,0.159188095703125,1766.0
1751829037,SPY250711P00614000,1.2,1.22,1.22,0.15644154113769532,13220.0
1751829037,SPY250711P00615000,1.35,1.36,1.36,0.1540001593017578,9890.0
1751829037,SPY250711P00616000,1.5,1.51,1.52,0.1513146392822266,1668.0
1751829037,SPY250711P00617000,1.67,1.69,1.69,0.1491173956298828,2076.0
1751829037,SPY250711P00618000,1.86,1.88,1.9,0.14649291015625,4265.0
1751829037,SPY250711P00619000,2.08,2.09,2.13,0.14386842468261718,4547.0
1751829037,SPY250711P00620000,2.32,2.33,2.34,0.14148807739257813,15648.0
1751829037,SPY250711P00621000,2.57,2.6,2.62,0.13916876464843753,2657.0
1751829037,SPY250711P00622000,2.87,2.89,2.91,0.13660531372070314,3413.0
1751829037,SPY250711P00623000,3.19,3.21,3.24,0.13404186279296876,3492.0
1751829037,SPY250711P00624000,3.54,3.57,3.59,0.1316615155029297,5157.0
1751829037,SPY250711P00625000,3.95,3.96,3.97,0.1290980645751953,10711.0
1751829037,SPY250711P00626000,4.36,4.39,4.4,0.12659564819335936,3452.0
1751829037,SPY250711P00627000,4.82,4.86,4.9,0.12415426635742188,1902.0
1751829037,SPY250711P00628000,5.33,5.36,5.38,0.12122460815429686,768.0
1751829037,SPY250711P00629000,5.87,5.92,5.91,0.11890529541015624,297.0
1751829037,SPY250711P00630000,6.46,6.52,6.6,0.11640287902832032,3066.0
1751829037,SPY250711P00631000,7.09,7.16,7.17,0.1137783935546875,73.0
1751829037,SPY250711P00632000,7.76,7.84,7.9,0.11084873535156249,50.0
1751829037,SPY250711P00633000,8.47,8.57,8.33,0.1081021807861328,58.0
1751829037,SPY250711P00634000,9.23,9.34,9.5,0.10517252258300781,15.0
1751829037,SPY250711P00635000,10.03,10.15,10.19,0.10205976074218749,433.0
1751829037,SPY250711P00640000,14.4,15.06,14.75,0.13050185913085935,39.0
1751829037,SPY250711P00645000,17.76,21.44,19.35,0.24860370544433597,24.0
1751829037,SPY250711P00650000,22.77,26.44,24.39,0.28748271118164054,1.0
1751829037,SPY250711P00680000,52.75,56.44,54.3,0.49341326904296884,6.0
1751829037,SPY250711P00685000,57.74,61.44,88.35,0.5246629565429688,1.0
1751829037,SPY250711P00690000,62.75,66.44,64.3,0.5551802294921876,2.0
1751829037,SPY250711P00695000,67.75,71.44,75.3,0.5850871569824219,0.0
1751829037,SPY250711P00700000,72.75,76.44,74.07,0.6145058081054688,1.0
