contractSymbol,lastTradeDate,strike,lastPrice,bid,ask,change,percentChange,volume,openInterest,impliedVolatility,inTheMoney,contractSize,currency
SPY250707C00450000,2025-07-02 20:14:26+00:00,450.0,170.46,174.45,176.42,0.0,0.0,11958.0,18,1.703126484375,True,REGULAR,USD
SPY250707C00485000,2025-06-27 13:46:42+00:00,485.0,129.3,139.45,142.29,0.0,0.0,2.0,1,1.6865250048828124,True,REGULAR,USD
SPY250707C00525000,2025-06-23 13:43:12+00:00,525.0,71.88,99.46,101.44,0.0,0.0,,0,0.9804689453125001,True,REGULAR,USD
SPY250707C00560000,2025-07-02 16:28:40+00:00,560.0,59.74,64.46,66.45,0.0,0.0,5.0,2,0.6562534375000001,True,REGULAR,USD
SPY250707C00565000,2025-07-03 16:58:13+00:00,565.0,60.66,59.48,61.6,8.900002,17.194748,1.0,0,0.6601596484375001,True,REGULAR,USD
SPY250707C00570000,2025-07-02 19:06:30+00:00,570.0,50.34,54.37,57.32,0.0,0.0,34.0,0,0.7133817724609376,True,REGULAR,USD
SPY250707C00572000,2025-06-27 20:14:37+00:00,572.0,42.65,52.35,55.32,0.0,0.0,2.0,2,0.6889679541015626,True,REGULAR,USD
SPY250707C00574000,2025-06-27 17:04:23+00:00,574.0,42.38,50.35,52.42,0.0,0.0,1.0,0,0.7846701220703125,True,REGULAR,USD
SPY250707C00575000,2025-06-27 19:25:37+00:00,575.0,38.36,49.35,51.42,0.0,0.0,2.0,22,0.7722190747070312,True,REGULAR,USD
SPY250707C00576000,2025-06-27 15:39:28+00:00,576.0,40.48,48.49,51.33,0.0,0.0,1.0,1,0.6621127539062501,True,REGULAR,USD
SPY250707C00579000,2025-07-02 18:43:14+00:00,579.0,41.24,45.38,47.47,0.0,0.0,8.0,3,0.7302273071289063,True,REGULAR,USD
SPY250707C00580000,2025-07-03 14:56:30+00:00,580.0,45.51,44.38,46.47,5.419998,13.519576,32.0,0,0.7175321215820312,True,REGULAR,USD
SPY250707C00581000,2025-07-01 19:59:23+00:00,581.0,37.28,43.38,45.47,0.0,0.0,1.0,2,0.7050810742187501,True,REGULAR,USD
SPY250707C00582000,2025-06-27 17:02:23+00:00,582.0,34.49,42.39,45.34,0.0,0.0,1.0,0,0.5844768115234374,True,REGULAR,USD
SPY250707C00583000,2025-07-03 16:39:23+00:00,583.0,43.08,41.41,43.46,8.560001,24.797222,9.0,2,0.6782258740234376,True,REGULAR,USD
SPY250707C00584000,2025-07-03 15:07:51+00:00,584.0,42.34,40.36,43.32,14.77,53.572727,3.0,0,0.5561567822265626,True,REGULAR,USD
SPY250707C00585000,2025-07-02 18:52:20+00:00,585.0,35.13,40.65,40.53,0.0,0.0,6.0,111,0.4580132324218751,True,REGULAR,USD
SPY250707C00586000,2025-06-30 14:37:49+00:00,586.0,39.64,38.39,40.45,8.969999,29.246819,7.0,0,0.63867548828125,True,REGULAR,USD
SPY250707C00587000,2025-07-01 18:53:23+00:00,587.0,31.83,37.51,39.48,0.0,0.0,1.0,2,0.6301306518554688,True,REGULAR,USD
SPY250707C00588000,2025-07-03 14:07:29+00:00,588.0,37.0,36.51,39.37,16.35,79.17676,1.0,1,0.5312546875,True,REGULAR,USD
SPY250707C00589000,2025-07-03 13:45:00+00:00,589.0,34.65,35.37,38.35,6.9800014,25.225882,1.0,2,0.5039112109375,True,REGULAR,USD
SPY250707C00590000,2025-07-02 13:58:14+00:00,590.0,27.78,34.37,35.53,0.0,0.0,1.0,193,0.40820904296875,True,REGULAR,USD
SPY250707C00591000,2025-06-30 17:48:20+00:00,591.0,34.37,33.37,36.36,8.329998,31.989237,5.0,16,0.6811555322265627,True,REGULAR,USD
SPY250707C00592000,2025-06-30 17:57:41+00:00,592.0,24.34,32.38,35.36,0.0,0.0,1.0,2,0.6667513793945314,True,REGULAR,USD
SPY250707C00593000,2025-07-02 14:11:00+00:00,593.0,32.5,31.42,34.35,7.1000004,27.952757,1.0,7,0.6513706738281251,True,REGULAR,USD
SPY250707C00594000,2025-07-03 14:59:00+00:00,594.0,31.34,30.52,32.49,4.6900005,17.598501,10.0,3,0.5410202148437502,True,REGULAR,USD
SPY250707C00595000,2025-07-03 16:48:25+00:00,595.0,31.02,30.31,30.54,6.16,24.778759,23.0,0,0.36133451171875,True,REGULAR,USD
SPY250707C00596000,2025-07-03 16:59:17+00:00,596.0,29.67,28.39,31.36,5.51,22.806293,10.0,14,0.6091347680664063,True,REGULAR,USD
SPY250707C00597000,2025-07-03 13:55:32+00:00,597.0,27.61,27.53,30.36,4.42,19.05994,7.0,0,0.5944864770507813,True,REGULAR,USD
SPY250707C00598000,2025-07-03 13:40:57+00:00,598.0,27.62,26.53,29.37,5.1500015,22.919455,6.0,22,0.5808147387695313,True,REGULAR,USD
SPY250707C00599000,2025-07-03 14:41:03+00:00,599.0,26.44,25.38,28.36,5.1499996,24.189758,59.0,16,0.5651898950195313,True,REGULAR,USD
SPY250707C00600000,2025-07-03 17:14:49+00:00,600.0,25.34,24.67,25.56,4.6399994,22.415455,102.0,910,0.3154365332031249,True,REGULAR,USD
SPY250707C00601000,2025-07-03 16:24:54+00:00,601.0,24.9,23.38,26.38,5.01,25.188538,16.0,0,0.5373581420898439,True,REGULAR,USD
SPY250707C00602000,2025-07-03 16:55:34+00:00,602.0,23.5,23.43,23.57,5.0599995,27.440342,26.0,150,0.2973703076171874,True,REGULAR,USD
SPY250707C00603000,2025-07-03 17:13:38+00:00,603.0,22.32,22.43,22.58,4.67,26.458925,11.0,0,0.2890696093749999,True,REGULAR,USD
SPY250707C00604000,2025-07-03 17:02:56+00:00,604.0,21.68,21.44,21.59,4.9799995,29.820356,27.0,0,0.2805247729492187,True,REGULAR,USD
SPY250707C00605000,2025-07-03 16:59:27+00:00,605.0,20.66,20.45,20.58,4.87,30.842304,191.0,0,0.26758544921875,True,REGULAR,USD
SPY250707C00606000,2025-07-03 16:43:36+00:00,606.0,20.29,19.46,19.59,5.870001,40.707355,93.0,397,0.25879647460937505,True,REGULAR,USD
SPY250707C00607000,2025-07-03 16:49:08+00:00,607.0,18.87,18.47,18.6,5.200001,38.03951,101.0,305,0.2500075,True,REGULAR,USD
SPY250707C00608000,2025-07-03 17:01:19+00:00,608.0,17.65,17.47,17.61,4.7699995,37.034157,132.0,899,0.24073024902343748,True,REGULAR,USD
SPY250707C00609000,2025-07-03 17:04:12+00:00,609.0,16.66,16.48,16.62,4.9300003,42.02899,58.0,816,0.231452998046875,True,REGULAR,USD
SPY250707C00610000,2025-07-03 17:11:53+00:00,610.0,15.44,15.28,15.41,4.3999996,39.85507,631.0,1914,0.16993017578125003,True,REGULAR,USD
SPY250707C00611000,2025-07-03 16:52:21+00:00,611.0,14.61,14.51,14.64,4.46,43.94089,2314.0,660,0.21216608154296873,True,REGULAR,USD
SPY250707C00612000,2025-07-03 17:14:42+00:00,612.0,13.43,13.53,13.66,4.21,45.661606,2765.0,2015,0.2036212451171875,True,REGULAR,USD
SPY250707C00613000,2025-07-03 17:09:30+00:00,613.0,12.62,12.55,12.68,4.25,50.776585,2473.0,1166,0.1948322705078125,True,REGULAR,USD
SPY250707C00614000,2025-07-03 17:12:40+00:00,614.0,11.43,11.58,11.71,3.9500003,52.80749,2251.0,1102,0.186531572265625,True,REGULAR,USD
SPY250707C00615000,2025-07-03 17:14:50+00:00,615.0,10.6,10.62,10.74,3.9500003,59.398502,736.0,8054,0.17798673583984376,True,REGULAR,USD
SPY250707C00616000,2025-07-03 17:11:43+00:00,616.0,9.58,9.66,9.78,3.6999998,62.925167,763.0,1698,0.16968603759765627,True,REGULAR,USD
SPY250707C00617000,2025-07-03 17:13:43+00:00,617.0,8.65,8.62,8.72,3.5499997,69.607834,1217.0,2868,0.14991084472656252,True,REGULAR,USD
SPY250707C00618000,2025-07-03 17:04:43+00:00,618.0,7.98,7.8,7.9,3.52,78.92377,1622.0,2339,0.15479360839843753,True,REGULAR,USD
SPY250707C00619000,2025-07-03 17:12:51+00:00,619.0,6.72,6.89,6.99,2.9799998,79.67914,1191.0,1154,0.14820187744140628,True,REGULAR,USD
SPY250707C00620000,2025-07-03 17:14:48+00:00,620.0,5.94,6.01,6.1,2.8200002,90.38463,5133.0,0,0.141610146484375,True,REGULAR,USD
SPY250707C00621000,2025-07-03 17:13:56+00:00,621.0,5.06,5.15,5.24,2.49,96.88717,4665.0,1523,0.13538462280273442,True,REGULAR,USD
SPY250707C00622000,2025-07-03 17:14:10+00:00,622.0,4.27,4.34,4.41,2.17,103.33334,7125.0,2795,0.12903703002929687,True,REGULAR,USD
SPY250707C00623000,2025-07-03 17:14:55+00:00,623.0,3.55,3.57,3.63,1.92,117.79141,18004.0,2030,0.12317771362304689,True,REGULAR,USD
SPY250707C00624000,2025-07-03 17:14:51+00:00,624.0,2.83,2.87,2.88,1.55,121.09375,28025.0,1971,0.116219775390625,True,REGULAR,USD
SPY250707C00625000,2025-07-03 17:14:59+00:00,625.0,2.21,2.22,2.24,1.27,135.10638,52473.0,3420,0.11182528808593749,True,REGULAR,USD
SPY250707C00626000,2025-07-03 17:14:59+00:00,626.0,1.65,1.65,1.67,0.96,139.13043,52233.0,2159,0.10730873168945312,False,REGULAR,USD
SPY250707C00627000,2025-07-03 17:14:56+00:00,627.0,1.16,1.17,1.19,0.66999996,136.7347,31767.0,1278,0.10303631347656249,False,REGULAR,USD
SPY250707C00628000,2025-07-03 17:14:55+00:00,628.0,0.79,0.78,0.8,0.45000002,132.35295,18631.0,2268,0.09888596435546876,False,REGULAR,USD
SPY250707C00629000,2025-07-03 17:14:53+00:00,629.0,0.48,0.49,0.5,0.24999999,108.69564,23505.0,0,0.09473561523437501,False,REGULAR,USD
SPY250707C00630000,2025-07-03 17:14:58+00:00,630.0,0.3,0.29,0.3,0.16000001,114.28572,38126.0,0,0.09205009521484375,False,REGULAR,USD
SPY250707C00635000,2025-07-03 17:14:59+00:00,635.0,0.03,0.02,0.03,0.0,0.0,36231.0,7606,0.098641826171875,False,REGULAR,USD
SPY250707C00640000,2025-07-03 17:13:01+00:00,640.0,0.02,0.01,0.02,0.01,100.0,7181.0,2398,0.132821171875,False,REGULAR,USD
SPY250707C00645000,2025-07-03 17:13:23+00:00,645.0,0.01,0.0,0.01,0.0,0.0,158.0,2192,0.1601646484375,False,REGULAR,USD
SPY250707C00650000,2025-07-03 17:00:03+00:00,650.0,0.01,0.0,0.01,0.0,0.0,13.0,1241,0.195320546875,False,REGULAR,USD
SPY250707C00655000,2025-07-01 19:04:26+00:00,655.0,0.01,0.0,0.01,0.0,0.0,2102.0,1979,0.22657023437499998,False,REGULAR,USD
SPY250707C00660000,2025-07-03 16:33:45+00:00,660.0,0.01,0.0,0.01,0.0,0.0,11.0,1674,0.2617261328125,False,REGULAR,USD
SPY250707C00665000,2025-06-30 19:01:27+00:00,665.0,0.01,0.0,0.01,0.0,0.0,1000.0,1017,0.29688203124999996,False,REGULAR,USD
SPY250707C00670000,2025-06-30 18:57:42+00:00,670.0,0.01,,0.01,0.0,0.0,,1001,0.32813171874999997,False,REGULAR,USD
SPY250707C00675000,2025-06-30 16:39:23+00:00,675.0,0.01,,0.01,0.0,0.0,1.0,3,0.35938140625,False,REGULAR,USD
SPY250707C00695000,2025-06-25 14:54:51+00:00,695.0,0.01,0.0,0.01,0.0,0.0,,1,0.48438015625,False,REGULAR,USD
SPY250707C00700000,2025-07-03 15:29:22+00:00,700.0,0.01,0.0,0.01,0.0,0.0,21.0,798,0.507817421875,False,REGULAR,USD
SPY250707P00450000,2025-07-03 15:54:04+00:00,450.0,0.01,0.0,0.01,0.0,0.0,13.0,101,1.3125034374999998,False,REGULAR,USD
SPY250707P00455000,2025-06-25 15:59:06+00:00,455.0,0.03,0.0,0.01,0.0,0.0,,1,1.2812535937499998,False,REGULAR,USD
SPY250707P00460000,2025-06-27 14:55:58+00:00,460.0,0.01,0.0,0.01,0.0,0.0,30.0,0,1.2500037499999999,False,REGULAR,USD
SPY250707P00465000,2025-06-26 15:51:39+00:00,465.0,0.02,0.0,0.01,0.0,0.0,,173,1.1875040625,False,REGULAR,USD
SPY250707P00470000,2025-06-26 14:56:17+00:00,470.0,0.02,0.0,0.01,0.0,0.0,,101,1.15625421875,False,REGULAR,USD
SPY250707P00475000,2025-06-26 15:04:23+00:00,475.0,0.03,0.0,0.01,0.0,0.0,,101,1.125004375,False,REGULAR,USD
SPY250707P00480000,2025-06-26 13:30:05+00:00,480.0,0.03,0.0,0.01,0.0,0.0,,4,1.0625046875000002,False,REGULAR,USD
SPY250707P00485000,2025-06-26 14:35:46+00:00,485.0,0.03,0.0,0.01,0.0,0.0,,1,1.0312548437500002,False,REGULAR,USD
SPY250707P00490000,2025-06-27 17:53:58+00:00,490.0,0.01,0.0,0.01,0.0,0.0,205.0,160,0.98437515625,False,REGULAR,USD
SPY250707P00495000,2025-07-01 13:36:54+00:00,495.0,0.01,0.0,0.01,0.0,0.0,1.0,13,0.9687503125,False,REGULAR,USD
SPY250707P00500000,2025-06-30 19:59:14+00:00,500.0,0.01,0.0,0.01,0.0,0.0,32.0,459,0.9062509375,False,REGULAR,USD
SPY250707P00505000,2025-06-30 19:32:16+00:00,505.0,0.01,0.0,0.01,0.0,0.0,1.0,504,0.87500125,False,REGULAR,USD
SPY250707P00510000,2025-07-03 14:51:36+00:00,510.0,0.01,0.0,0.01,0.0,0.0,4.0,0,0.8437515624999999,False,REGULAR,USD
SPY250707P00515000,2025-07-02 14:31:59+00:00,515.0,0.01,0.0,0.01,0.0,0.0,3.0,111,0.8125018749999999,False,REGULAR,USD
SPY250707P00520000,2025-07-02 19:30:12+00:00,520.0,0.01,0.0,0.01,0.0,0.0,70.0,206,0.7656273437500001,False,REGULAR,USD
SPY250707P00525000,2025-07-02 19:34:45+00:00,525.0,0.01,0.0,0.01,0.0,0.0,11.0,596,0.7187528125,False,REGULAR,USD
SPY250707P00530000,2025-07-02 17:45:24+00:00,530.0,0.01,0.0,0.01,0.0,0.0,21.0,0,0.6875031250000001,False,REGULAR,USD
SPY250707P00535000,2025-07-03 17:11:42+00:00,535.0,0.01,0.01,0.02,0.0,0.0,154.0,1295,0.7187528125,False,REGULAR,USD
SPY250707P00540000,2025-07-03 17:12:25+00:00,540.0,0.01,0.0,0.01,0.0,0.0,1068.0,1120,0.6250037500000001,False,REGULAR,USD
SPY250707P00545000,2025-07-03 16:50:15+00:00,545.0,0.01,0.01,0.02,-0.01,-50.0,4817.0,85,0.64062859375,False,REGULAR,USD
SPY250707P00550000,2025-07-03 14:55:25+00:00,550.0,0.01,0.01,0.02,-0.01,-50.0,262.0,0,0.6015664843750002,False,REGULAR,USD
SPY250707P00555000,2025-07-03 16:22:59+00:00,555.0,0.02,0.01,0.02,0.0,0.0,333.0,2131,0.5625043750000001,False,REGULAR,USD
SPY250707P00560000,2025-07-03 17:13:40+00:00,560.0,0.02,0.01,0.02,-0.01,-33.333336,839.0,1394,0.523442265625,False,REGULAR,USD
SPY250707P00565000,2025-07-03 17:11:46+00:00,565.0,0.02,0.02,0.03,0.01,100.0,1398.0,2950,0.5117236328125,False,REGULAR,USD
SPY250707P00570000,2025-07-03 17:09:05+00:00,570.0,0.03,0.02,0.03,0.0,0.0,2486.0,1316,0.4804739453125,False,REGULAR,USD
SPY250707P00571000,2025-07-03 15:09:38+00:00,571.0,0.02,0.02,0.03,-0.01,-33.333336,176.0,0,0.4726615234375,False,REGULAR,USD
SPY250707P00572000,2025-07-03 16:55:27+00:00,572.0,0.04,0.02,0.03,0.01,33.333336,367.0,768,0.46484910156250003,False,REGULAR,USD
SPY250707P00573000,2025-07-03 16:40:32+00:00,573.0,0.04,0.02,0.03,0.01,33.333336,243.0,120,0.45508357421875,False,REGULAR,USD
SPY250707P00574000,2025-07-03 16:23:20+00:00,574.0,0.03,0.03,0.04,0.0,0.0,388.0,755,0.46094289062500005,False,REGULAR,USD
SPY250707P00575000,2025-07-03 16:59:29+00:00,575.0,0.03,0.03,0.04,0.01,50.0,2952.0,698,0.45313046875,False,REGULAR,USD
SPY250707P00576000,2025-07-03 17:06:07+00:00,576.0,0.03,0.02,0.03,0.0,0.0,703.0,265,0.42969320312500003,False,REGULAR,USD
SPY250707P00577000,2025-07-03 17:14:26+00:00,577.0,0.03,0.03,0.04,0.0,0.0,922.0,843,0.437505625,False,REGULAR,USD
SPY250707P00578000,2025-07-03 13:48:32+00:00,578.0,0.02,0.03,0.04,-0.01,-33.333336,753.0,368,0.42774009765625004,False,REGULAR,USD
SPY250707P00579000,2025-07-03 15:18:32+00:00,579.0,0.02,0.03,0.04,0.0,0.0,3103.0,133,0.41992767578125,False,REGULAR,USD
SPY250707P00580000,2025-07-03 16:57:42+00:00,580.0,0.04,0.03,0.04,0.02,100.0,2524.0,1717,0.4101621484375,False,REGULAR,USD
SPY250707P00581000,2025-07-03 16:46:26+00:00,581.0,0.04,0.03,0.05,0.01,33.333336,3332.0,272,0.414068359375,False,REGULAR,USD
SPY250707P00582000,2025-07-03 17:08:48+00:00,582.0,0.03,0.04,0.05,0.0,0.0,626.0,607,0.40430283203125,False,REGULAR,USD
SPY250707P00583000,2025-07-03 17:13:07+00:00,583.0,0.03,0.04,0.05,0.0,0.0,68.0,243,0.39649041015625003,False,REGULAR,USD
SPY250707P00584000,2025-07-03 16:59:31+00:00,584.0,0.04,0.03,0.04,0.0,0.0,100.0,859,0.37695935546875,False,REGULAR,USD
SPY250707P00585000,2025-07-03 17:05:20+00:00,585.0,0.04,0.03,0.04,0.02,100.0,1088.0,1956,0.36914693359375,False,REGULAR,USD
SPY250707P00586000,2025-07-03 17:08:54+00:00,586.0,0.04,0.03,0.04,0.01,33.333336,744.0,1358,0.36133451171875,False,REGULAR,USD
SPY250707P00587000,2025-07-03 17:14:10+00:00,587.0,0.04,0.04,0.05,0.01,33.333336,1377.0,692,0.362311064453125,False,REGULAR,USD
SPY250707P00588000,2025-07-03 16:42:46+00:00,588.0,0.05,0.05,0.06,0.020000001,66.66667,235.0,0,0.36133451171875,False,REGULAR,USD
SPY250707P00589000,2025-07-03 15:15:20+00:00,589.0,0.04,0.05,0.06,0.0,0.0,133.0,994,0.35352208984374994,False,REGULAR,USD
SPY250707P00590000,2025-07-03 17:08:43+00:00,590.0,0.05,0.04,0.05,0.020000001,66.66667,1885.0,0,0.335944140625,False,REGULAR,USD
SPY250707P00591000,2025-07-03 16:55:26+00:00,591.0,0.06,0.04,0.05,0.02,50.0,31.0,1235,0.32813171874999997,False,REGULAR,USD
SPY250707P00592000,2025-07-03 17:08:48+00:00,592.0,0.04,0.06,0.07,0.0,0.0,105.0,1725,0.33399103515625,False,REGULAR,USD
SPY250707P00593000,2025-07-03 17:12:37+00:00,593.0,0.05,0.05,0.06,0.010000002,25.000006,222.0,1695,0.31836619140624994,False,REGULAR,USD
SPY250707P00594000,2025-07-03 16:49:05+00:00,594.0,0.06,0.06,0.07,0.02,50.0,57.0,2846,0.31641308593749995,False,REGULAR,USD
SPY250707P00595000,2025-07-03 17:12:15+00:00,595.0,0.05,0.07,0.08,0.0,0.0,283.0,24388,0.31250687499999996,False,REGULAR,USD
SPY250707P00596000,2025-07-03 17:01:08+00:00,596.0,0.07,0.05,0.06,0.010000002,16.66667,174.0,3272,0.2919992675781249,False,REGULAR,USD
SPY250707P00597000,2025-07-03 17:10:18+00:00,597.0,0.05,0.06,0.07,0.0,0.0,219.0,778,0.2890696093749999,False,REGULAR,USD
SPY250707P00598000,2025-07-03 17:14:31+00:00,598.0,0.07,0.06,0.07,0.010000002,16.66667,1016.0,993,0.2802806347656249,False,REGULAR,USD
SPY250707P00599000,2025-07-03 17:04:12+00:00,599.0,0.06,0.06,0.07,0.0,0.0,907.0,751,0.27149166015625,False,REGULAR,USD
SPY250707P00600000,2025-07-03 17:14:38+00:00,600.0,0.07,0.07,0.08,-0.009999998,-12.499998,2684.0,6071,0.266608896484375,False,REGULAR,USD
SPY250707P00601000,2025-07-03 17:09:21+00:00,601.0,0.08,0.07,0.08,-0.010000005,-11.111116,500.0,749,0.257819921875,False,REGULAR,USD
SPY250707P00602000,2025-07-03 16:55:37+00:00,602.0,0.08,0.07,0.08,-0.030000001,-27.272728,1641.0,2525,0.249030947265625,False,REGULAR,USD
SPY250707P00603000,2025-07-03 17:11:39+00:00,603.0,0.08,0.08,0.09,-0.030000001,-27.272728,514.0,1235,0.2436599072265625,False,REGULAR,USD
SPY250707P00604000,2025-07-03 17:06:41+00:00,604.0,0.08,0.08,0.09,-0.060000002,-42.857143,4307.0,1139,0.23438265625,False,REGULAR,USD
SPY250707P00605000,2025-07-03 17:14:17+00:00,605.0,0.1,0.09,0.1,-0.07,-41.17647,3609.0,4074,0.22852333984375,False,REGULAR,USD
SPY250707P00606000,2025-07-03 17:13:55+00:00,606.0,0.1,0.09,0.1,-0.10999999,-52.38095,3304.0,2688,0.21875781249999998,False,REGULAR,USD
SPY250707P00607000,2025-07-03 17:14:29+00:00,607.0,0.12,0.1,0.11,-0.13,-52.0,2552.0,0,0.21289849609375,False,REGULAR,USD
SPY250707P00608000,2025-07-03 17:14:57+00:00,608.0,0.11,0.11,0.12,-0.19000001,-63.333332,3804.0,1661,0.20606262695312497,False,REGULAR,USD
SPY250707P00609000,2025-07-03 17:14:51+00:00,609.0,0.12,0.11,0.12,-0.24000001,-66.66667,3775.0,1549,0.1958088232421875,False,REGULAR,USD
SPY250707P00610000,2025-07-03 17:14:46+00:00,610.0,0.14,0.13,0.14,-0.29000002,-67.441864,9904.0,9073,0.1914143359375,False,REGULAR,USD
SPY250707P00611000,2025-07-03 17:14:39+00:00,611.0,0.15,0.15,0.16,-0.39000002,-72.22222,4250.0,0,0.18555501953124998,False,REGULAR,USD
SPY250707P00612000,2025-07-03 17:14:55+00:00,612.0,0.16,0.16,0.17,-0.46,-74.19355,4901.0,1799,0.1772543212890625,False,REGULAR,USD
SPY250707P00613000,2025-07-03 17:14:46+00:00,613.0,0.2,0.19,0.2,-0.57,-74.02598,4812.0,2336,0.17237155761718753,False,REGULAR,USD
SPY250707P00614000,2025-07-03 17:14:39+00:00,614.0,0.22,0.21,0.22,-0.69000006,-75.82418,10229.0,3854,0.1645591357421875,False,REGULAR,USD
SPY250707P00615000,2025-07-03 17:14:49+00:00,615.0,0.26,0.25,0.26,-0.84000003,-76.36363,16010.0,4822,0.159188095703125,False,REGULAR,USD
SPY250707P00616000,2025-07-03 17:14:21+00:00,616.0,0.31,0.29,0.3,-0.99999994,-76.33588,7895.0,1432,0.15284050292968754,False,REGULAR,USD
SPY250707P00617000,2025-07-03 17:14:55+00:00,617.0,0.35,0.35,0.36,-1.23,-77.8481,10574.0,3426,0.14771360107421877,False,REGULAR,USD
SPY250707P00618000,2025-07-03 17:14:55+00:00,618.0,0.42,0.42,0.43,-1.4300001,-77.2973,11140.0,0,0.1420984228515625,False,REGULAR,USD
SPY250707P00619000,2025-07-03 17:14:50+00:00,619.0,0.53,0.51,0.52,-1.6600001,-75.79909,13248.0,3093,0.13697152099609378,False,REGULAR,USD
SPY250707P00620000,2025-07-03 17:14:59+00:00,620.0,0.63,0.62,0.63,-1.9599999,-75.675674,26955.0,3366,0.13147841186523437,False,REGULAR,USD
SPY250707P00621000,2025-07-03 17:14:51+00:00,621.0,0.78,0.76,0.77,-2.22,-74.0,14621.0,715,0.12622944091796873,False,REGULAR,USD
SPY250707P00622000,2025-07-03 17:14:54+00:00,622.0,0.96,0.94,0.95,-2.5,-72.25433,17184.0,0,0.12134667724609374,False,REGULAR,USD
SPY250707P00623000,2025-07-03 17:14:58+00:00,623.0,1.17,1.16,1.18,-2.8000002,-70.52897,32652.0,379,0.1167080517578125,False,REGULAR,USD
SPY250707P00624000,2025-07-03 17:14:58+00:00,624.0,1.47,1.45,1.47,-3.2,-68.522484,33986.0,87,0.11231356445312499,False,REGULAR,USD
SPY250707P00625000,2025-07-03 17:14:59+00:00,625.0,1.8,1.79,1.81,-3.4600003,-65.77947,59874.0,139,0.10700355895996094,False,REGULAR,USD
SPY250707P00626000,2025-07-03 17:14:58+00:00,626.0,2.25,2.22,2.24,-4.06,-64.342316,45722.0,0,0.10242596801757811,True,REGULAR,USD
SPY250707P00627000,2025-07-03 17:14:39+00:00,627.0,2.84,2.73,2.77,-4.0,-58.47953,11466.0,23,0.09851975708007812,True,REGULAR,USD
SPY250707P00628000,2025-07-03 17:14:35+00:00,628.0,3.47,3.33,3.4,-4.2699995,-55.167953,1649.0,5,0.09510182250976565,True,REGULAR,USD
SPY250707P00629000,2025-07-03 17:14:35+00:00,629.0,4.2,4.02,4.07,-4.8900003,-53.795387,1031.0,0,0.08777767700195313,True,REGULAR,USD
SPY250707P00630000,2025-07-03 17:14:35+00:00,630.0,5.0,4.82,4.92,-5.01,-50.04995,1611.0,13,0.08814388427734376,True,REGULAR,USD
SPY250707P00635000,2025-07-03 17:11:20+00:00,635.0,9.8,7.72,10.19,-10.589999,-51.93722,222.0,0,0.18091639404296872,True,REGULAR,USD
SPY250707P00670000,2025-07-02 20:02:45+00:00,670.0,44.1,43.62,45.59,-5.670002,-11.392408,3.0,3,0.6303747900390625,True,REGULAR,USD
SPY250708C00535000,2025-06-24 14:10:08+00:00,535.0,70.09,89.37,92.38,0.0,0.0,,0,0.9086923193359374,True,REGULAR,USD
SPY250708C00540000,2025-06-24 14:11:00+00:00,540.0,65.29,84.34,87.35,0.0,0.0,,0,0.8544936425781251,True,REGULAR,USD
SPY250708C00550000,2025-07-02 16:39:10+00:00,550.0,69.6,74.38,77.38,0.0,0.0,2.0,2,0.772463212890625,True,REGULAR,USD
SPY250708C00560000,2025-06-30 15:01:18+00:00,560.0,56.6,64.48,67.39,0.0,0.0,,58,0.6938507177734375,True,REGULAR,USD
SPY250708C00565000,2025-06-24 14:09:36+00:00,565.0,40.57,59.37,62.4,0.0,0.0,,0,0.6367223828125,True,REGULAR,USD
SPY250708C00570000,2025-07-03 15:04:20+00:00,570.0,56.38,54.4,57.41,6.0300026,11.976172,13.0,89,0.5952188916015625,True,REGULAR,USD
SPY250708C00575000,2025-06-30 19:07:56+00:00,575.0,50.01,49.41,52.4,7.5,17.642908,2.0,3,0.549076774902344,True,REGULAR,USD
SPY250708C00580000,2025-07-03 15:47:39+00:00,580.0,46.19,44.41,47.43,5.3099976,12.98923,4.0,18,0.5053760400390624,True,REGULAR,USD
SPY250708C00583000,2025-07-01 16:06:53+00:00,583.0,34.84,41.39,44.42,0.0,0.0,1.0,2,0.6538120556640626,True,REGULAR,USD
SPY250708C00585000,2025-07-03 15:02:50+00:00,585.0,40.97,39.42,42.43,5.760002,16.358995,5.0,6,0.6317175500488281,True,REGULAR,USD
SPY250708C00586000,2025-06-27 15:03:06+00:00,586.0,29.95,38.5,41.43,0.0,0.0,1.0,1,0.6201209863281252,True,REGULAR,USD
SPY250708C00588000,2025-06-27 17:50:11+00:00,588.0,27.11,36.53,39.43,0.0,0.0,1.0,0,0.5970499279785157,True,REGULAR,USD
SPY250708C00590000,2025-06-27 17:49:32+00:00,590.0,25.28,34.44,37.44,0.0,0.0,2.0,3,0.5745892150878906,True,REGULAR,USD
SPY250708C00592000,2025-07-02 15:57:29+00:00,592.0,27.73,32.49,35.44,0.0,0.0,1.0,1,0.5510298803710938,True,REGULAR,USD
SPY250708C00593000,2025-07-03 14:51:46+00:00,593.0,32.46,31.5,34.46,8.029999,32.869415,2.0,2,0.5410202148437502,True,REGULAR,USD
SPY250708C00594000,2025-06-27 16:53:25+00:00,594.0,23.16,30.45,33.44,0.0,0.0,101.0,51,0.527470545654297,True,REGULAR,USD
SPY250708C00595000,2025-07-03 13:54:06+00:00,595.0,29.45,30.5,30.64,5.040001,20.64728,1.0,103,0.317389638671875,True,REGULAR,USD
SPY250708C00596000,2025-07-03 15:15:29+00:00,596.0,29.69,29.5,29.65,5.9400005,25.010529,2.0,19,0.31055376953124997,True,REGULAR,USD
SPY250708C00597000,2025-06-26 15:26:30+00:00,597.0,16.0,28.5,28.66,0.0,0.0,,7,0.30371790039062496,True,REGULAR,USD
SPY250708C00598000,2025-07-03 16:07:48+00:00,598.0,28.11,27.51,27.66,5.870001,26.39389,12.0,23,0.29492892578124996,True,REGULAR,USD
SPY250708C00599000,2025-07-03 16:33:47+00:00,599.0,27.14,26.51,26.67,6.7199993,32.90891,5.0,0,0.2876047802734374,True,REGULAR,USD
SPY250708C00600000,2025-07-03 17:09:59+00:00,600.0,25.58,25.52,25.67,4.6900005,22.450937,7.0,85,0.2788158056640625,True,REGULAR,USD
SPY250708C00601000,2025-07-02 14:32:30+00:00,601.0,22.59,24.53,24.68,4.2800007,23.375208,2.0,0,0.27149166015625,True,REGULAR,USD
SPY250708C00602000,2025-07-03 16:55:34+00:00,602.0,23.62,23.54,23.69,6.3200016,36.531803,14.0,99,0.26392337646484376,True,REGULAR,USD
SPY250708C00603000,2025-07-03 14:16:13+00:00,603.0,22.67,22.55,22.7,5.210001,29.839642,2.0,0,0.2563550927734375,True,REGULAR,USD
SPY250708C00604000,2025-07-03 13:36:27+00:00,604.0,19.96,21.56,21.71,3.9399986,24.594248,2.0,32,0.2485426708984375,True,REGULAR,USD
SPY250708C00605000,2025-07-03 16:52:27+00:00,605.0,20.65,20.57,20.71,5.049999,32.371788,15.0,357,0.23926541992187497,True,REGULAR,USD
SPY250708C00606000,2025-07-03 16:44:03+00:00,606.0,20.5,19.58,19.73,6.1000004,42.361115,9.0,75,0.23267368896484375,True,REGULAR,USD
SPY250708C00607000,2025-07-02 18:48:50+00:00,607.0,13.79,18.6,18.74,0.0,0.0,34.0,0,0.2243729907226562,True,REGULAR,USD
SPY250708C00608000,2025-07-03 16:48:25+00:00,608.0,18.19,17.62,17.76,5.2700005,40.789474,1.0,128,0.2172929833984375,True,REGULAR,USD
SPY250708C00609000,2025-07-03 16:50:43+00:00,609.0,16.89,16.64,16.78,4.6399994,37.877544,93.0,244,0.20996883789062498,True,REGULAR,USD
SPY250708C00610000,2025-07-03 17:00:36+00:00,610.0,15.9,15.75,15.88,5.1799994,48.32089,24.0,537,0.21094539062499998,True,REGULAR,USD
SPY250708C00611000,2025-07-03 15:51:43+00:00,611.0,15.25,14.7,14.83,4.96,48.20214,33.0,249,0.19556468505859376,True,REGULAR,USD
SPY250708C00612000,2025-07-03 17:10:30+00:00,612.0,13.71,13.63,13.75,4.05,41.92547,58.0,0,0.176766044921875,True,REGULAR,USD
SPY250708C00613000,2025-07-03 17:09:30+00:00,613.0,12.83,12.79,12.91,4.0199995,45.62996,33.0,447,0.1825032922363281,True,REGULAR,USD
SPY250708C00614000,2025-07-03 16:14:57+00:00,614.0,11.83,11.85,11.97,3.88,48.805035,76.0,518,0.17701018310546873,True,REGULAR,USD
SPY250708C00615000,2025-07-03 16:59:28+00:00,615.0,11.12,10.91,11.03,3.92,54.444443,177.0,0,0.17078465942382814,True,REGULAR,USD
SPY250708C00616000,2025-07-03 17:01:22+00:00,616.0,10.14,9.99,10.11,3.7100005,57.698296,138.0,654,0.16529155029296877,True,REGULAR,USD
SPY250708C00617000,2025-07-03 16:56:21+00:00,617.0,9.12,9.09,9.2,3.48,61.702133,1415.0,1607,0.15979844116210937,True,REGULAR,USD
SPY250708C00618000,2025-07-03 17:01:57+00:00,618.0,8.38,8.21,8.31,3.4100003,68.61168,473.0,2459,0.15454947021484378,True,REGULAR,USD
SPY250708C00619000,2025-07-03 17:08:22+00:00,619.0,7.34,7.35,7.44,3.0100002,69.51502,1134.0,1517,0.14930049926757813,True,REGULAR,USD
SPY250708C00620000,2025-07-03 17:06:50+00:00,620.0,6.61,6.51,6.6,2.92,79.13279,2103.0,2003,0.14466187377929687,True,REGULAR,USD
SPY250708C00621000,2025-07-03 16:58:30+00:00,621.0,5.89,5.71,5.78,2.7499998,87.579605,1457.0,0,0.13953497192382813,True,REGULAR,USD
SPY250708C00622000,2025-07-03 17:06:49+00:00,622.0,5.02,4.95,5.01,2.3899999,90.87452,1845.0,864,0.13538462280273442,True,REGULAR,USD
SPY250708C00623000,2025-07-03 17:13:35+00:00,623.0,4.12,4.23,4.27,1.9299998,88.127846,2501.0,580,0.13086806640624998,True,REGULAR,USD
SPY250708C00624000,2025-07-03 17:13:53+00:00,624.0,3.49,3.46,3.5,1.72,97.17515,5742.0,664,0.12293357543945313,True,REGULAR,USD
SPY250708C00625000,2025-07-03 17:14:50+00:00,625.0,2.87,2.92,2.95,1.4799999,106.474815,8088.0,652,0.12281150634765625,True,REGULAR,USD
SPY250708C00626000,2025-07-03 17:14:46+00:00,626.0,2.31,2.35,2.38,1.2199999,111.92659,4707.0,787,0.11914943359374999,False,REGULAR,USD
SPY250708C00627000,2025-07-03 17:14:57+00:00,627.0,1.84,1.85,1.87,0.99,116.47059,3544.0,1233,0.11548736083984376,False,REGULAR,USD
SPY250708C00628000,2025-07-03 17:14:37+00:00,628.0,1.38,1.41,1.43,0.74,115.625,4565.0,849,0.11213046081542967,False,REGULAR,USD
SPY250708C00629000,2025-07-03 17:14:58+00:00,629.0,1.04,1.04,1.06,0.5799999,126.08694,2078.0,889,0.1088956298828125,False,REGULAR,USD
SPY250708C00630000,2025-07-03 17:14:34+00:00,630.0,0.73,0.74,0.76,0.4,121.21211,5717.0,0,0.10596597167968749,False,REGULAR,USD
SPY250708C00635000,2025-07-03 17:14:50+00:00,635.0,0.09,0.09,0.1,0.040000003,80.00001,18296.0,13516,0.098641826171875,False,REGULAR,USD
SPY250708C00640000,2025-07-03 17:14:35+00:00,640.0,0.03,0.02,0.03,0.01,50.0,4616.0,7293,0.11524322265625,False,REGULAR,USD
SPY250708C00645000,2025-07-03 17:10:30+00:00,645.0,0.01,0.01,0.02,0.0,0.0,2798.0,469,0.14063359375,False,REGULAR,USD
SPY250708C00650000,2025-07-03 17:09:58+00:00,650.0,0.01,0.0,0.01,0.0,0.0,713.0,0,0.15821154296875,False,REGULAR,USD
SPY250708C00655000,2025-07-03 17:14:09+00:00,655.0,0.01,0.0,0.01,0.0,0.0,114.0,1371,0.187508125,False,REGULAR,USD
SPY250708C00660000,2025-06-30 19:53:48+00:00,660.0,0.01,0.0,0.01,0.0,0.0,35.0,80,0.2148516015625,False,REGULAR,USD
SPY250708C00665000,2025-07-01 16:10:37+00:00,665.0,0.01,0.0,0.01,0.0,0.0,4.0,0,0.242195078125,False,REGULAR,USD
SPY250708C00670000,2025-06-27 16:18:33+00:00,670.0,0.01,0.0,0.01,0.0,0.0,1.0,1,0.26563234375,False,REGULAR,USD
SPY250708P00450000,2025-06-26 13:30:41+00:00,450.0,0.02,0.0,0.01,0.0,0.0,,98,1.0625046875000002,False,REGULAR,USD
SPY250708P00460000,2025-06-25 19:39:55+00:00,460.0,0.03,0.0,0.01,0.0,0.0,,300,1.000005,False,REGULAR,USD
SPY250708P00465000,2025-06-26 19:47:38+00:00,465.0,0.02,0.0,0.01,0.0,0.0,,10,0.9687503125,False,REGULAR,USD
SPY250708P00470000,2025-06-27 13:35:02+00:00,470.0,0.02,0.0,0.01,0.0,0.0,61.0,61,0.937500625,False,REGULAR,USD
SPY250708P00475000,2025-07-01 14:44:58+00:00,475.0,0.01,0.0,0.01,0.0,0.0,1.0,0,0.9062509375,False,REGULAR,USD
SPY250708P00485000,2025-06-27 13:47:22+00:00,485.0,0.02,0.0,0.01,0.0,0.0,1.0,302,0.8437515624999999,False,REGULAR,USD
SPY250708P00490000,2025-06-30 15:26:04+00:00,490.0,0.02,0.0,0.01,0.0,0.0,1.0,0,0.8125018749999999,False,REGULAR,USD
SPY250708P00495000,2025-07-02 13:55:50+00:00,495.0,0.01,0.0,0.01,0.0,0.0,1.0,40,0.7812521875,False,REGULAR,USD
SPY250708P00500000,2025-07-02 19:16:13+00:00,500.0,0.01,0.0,0.01,0.0,0.0,5.0,64,0.7500025,False,REGULAR,USD
SPY250708P00505000,2025-07-03 13:30:09+00:00,505.0,0.01,0.0,0.01,0.0,0.0,30.0,0,0.7187528125,False,REGULAR,USD
SPY250708P00510000,2025-07-03 16:46:35+00:00,510.0,0.01,0.0,0.01,0.0,0.0,35.0,340,0.6875031250000001,False,REGULAR,USD
SPY250708P00515000,2025-07-03 13:30:09+00:00,515.0,0.01,0.01,0.02,-0.01,-50.0,30.0,472,0.7187528125,False,REGULAR,USD
SPY250708P00520000,2025-07-03 16:01:13+00:00,520.0,0.02,0.01,0.02,0.01,100.0,7.0,632,0.6875031250000001,False,REGULAR,USD
SPY250708P00525000,2025-07-03 14:59:32+00:00,525.0,0.01,0.01,0.02,0.0,0.0,101.0,771,0.648441015625,False,REGULAR,USD
SPY250708P00530000,2025-07-03 14:04:48+00:00,530.0,0.01,0.01,0.02,0.0,0.0,60.0,170,0.6171913281250001,False,REGULAR,USD
SPY250708P00535000,2025-07-03 14:33:15+00:00,535.0,0.01,0.01,0.02,-0.02,-66.66667,91.0,0,0.585941640625,False,REGULAR,USD
SPY250708P00540000,2025-07-03 16:51:54+00:00,540.0,0.02,0.01,0.02,0.01,100.0,811.0,478,0.5546919531250001,False,REGULAR,USD
SPY250708P00545000,2025-07-03 17:03:50+00:00,545.0,0.01,0.02,0.03,-0.01,-50.0,863.0,676,0.5468795312500001,False,REGULAR,USD
SPY250708P00550000,2025-07-03 17:13:03+00:00,550.0,0.03,0.02,0.03,0.01,50.0,1529.0,395,0.51562984375,False,REGULAR,USD
SPY250708P00555000,2025-07-03 16:38:06+00:00,555.0,0.02,0.02,0.03,-0.01,-33.333336,1695.0,70,0.49219257812500006,False,REGULAR,USD
SPY250708P00560000,2025-07-03 16:50:00+00:00,560.0,0.03,0.03,0.04,0.0,0.0,122.0,1226,0.4726615234375,False,REGULAR,USD
SPY250708P00565000,2025-07-03 16:42:55+00:00,565.0,0.04,0.03,0.04,0.01,33.333336,7.0,386,0.437505625,False,REGULAR,USD
SPY250708P00570000,2025-07-03 16:40:34+00:00,570.0,0.05,0.04,0.05,0.010000002,25.000006,98.0,497,0.414068359375,False,REGULAR,USD
SPY250708P00575000,2025-07-03 16:31:44+00:00,575.0,0.05,0.04,0.05,0.010000002,25.000006,335.0,0,0.3789124609375,False,REGULAR,USD
SPY250708P00577000,2025-07-03 16:47:48+00:00,577.0,0.05,0.04,0.05,0.010000002,25.000006,7.0,378,0.36524072265625,False,REGULAR,USD
SPY250708P00578000,2025-07-02 18:09:04+00:00,578.0,0.04,0.05,0.06,0.0,0.0,41.0,0,0.367193828125,False,REGULAR,USD
SPY250708P00579000,2025-07-02 13:56:10+00:00,579.0,0.04,0.05,0.06,-0.010000002,-20.000004,4.0,56,0.35938140625,False,REGULAR,USD
SPY250708P00580000,2025-07-03 16:55:28+00:00,580.0,0.06,0.06,0.07,0.02,50.0,1205.0,903,0.35938140625,False,REGULAR,USD
SPY250708P00581000,2025-07-03 16:50:00+00:00,581.0,0.06,0.06,0.05,0.02,50.0,2508.0,154,0.33789724609375,False,REGULAR,USD
SPY250708P00582000,2025-07-03 17:14:46+00:00,582.0,0.05,0.06,0.07,0.0,0.0,33.0,1018,0.34570966796874997,False,REGULAR,USD
SPY250708P00583000,2025-07-03 17:14:07+00:00,583.0,0.05,0.06,0.07,0.0,0.0,71.0,0,0.33789724609375,False,REGULAR,USD
SPY250708P00584000,2025-07-03 16:49:43+00:00,584.0,0.06,0.05,0.06,0.02,50.0,154.0,0,0.3242255078124999,False,REGULAR,USD
SPY250708P00585000,2025-07-03 16:45:58+00:00,585.0,0.06,0.05,0.06,0.009999998,19.999996,81.0,464,0.31641308593749995,False,REGULAR,USD
SPY250708P00586000,2025-07-03 17:07:19+00:00,586.0,0.06,0.05,0.06,0.009999998,19.999996,39.0,363,0.31055376953124997,False,REGULAR,USD
SPY250708P00587000,2025-07-03 15:46:44+00:00,587.0,0.07,0.05,0.06,0.030000001,75.00001,5.0,508,0.30274134765625,False,REGULAR,USD
SPY250708P00588000,2025-07-03 16:51:56+00:00,588.0,0.07,0.06,0.07,0.010000002,16.66667,62.0,221,0.301764794921875,False,REGULAR,USD
SPY250708P00589000,2025-07-03 16:51:56+00:00,589.0,0.06,0.06,0.07,0.0,0.0,259.0,334,0.29492892578124996,False,REGULAR,USD
SPY250708P00590000,2025-07-03 16:36:47+00:00,590.0,0.08,0.08,0.09,0.02,33.333336,269.0,0,0.29688203124999996,False,REGULAR,USD
SPY250708P00591000,2025-07-03 17:14:18+00:00,591.0,0.06,0.07,0.08,-0.030000005,-33.333336,82.0,140,0.28516339843749994,False,REGULAR,USD
SPY250708P00592000,2025-07-03 16:29:48+00:00,592.0,0.09,0.07,0.08,0.020000003,28.571432,63.0,1030,0.27735097656249996,False,REGULAR,USD
SPY250708P00593000,2025-07-03 16:29:48+00:00,593.0,0.11,0.07,0.08,0.030000001,37.500004,87.0,626,0.270515107421875,False,REGULAR,USD
SPY250708P00594000,2025-07-03 16:49:15+00:00,594.0,0.09,0.09,0.1,-0.03999999,-30.769226,95.0,321,0.27149166015625,False,REGULAR,USD
SPY250708P00595000,2025-07-03 16:59:14+00:00,595.0,0.08,0.08,0.09,0.0,0.0,765.0,3625,0.25977302734375,False,REGULAR,USD
SPY250708P00596000,2025-07-03 16:47:58+00:00,596.0,0.1,0.1,0.11,0.009999998,11.111108,60.0,684,0.25977302734375,False,REGULAR,USD
SPY250708P00597000,2025-07-03 16:20:43+00:00,597.0,0.11,0.08,0.09,0.019999996,22.222216,63.0,546,0.24463645996093752,False,REGULAR,USD
SPY250708P00598000,2025-07-03 16:27:33+00:00,598.0,0.12,0.11,0.12,-0.009999998,-7.6923065,181.0,837,0.24805439453125,False,REGULAR,USD
SPY250708P00599000,2025-07-03 16:51:15+00:00,599.0,0.13,0.09,0.1,0.0,0.0,722.0,391,0.233406103515625,False,REGULAR,USD
SPY250708P00600000,2025-07-03 17:14:46+00:00,600.0,0.11,0.1,0.11,-0.040000007,-26.666672,1705.0,2866,0.22901161621093752,False,REGULAR,USD
SPY250708P00601000,2025-07-03 17:08:55+00:00,601.0,0.11,0.11,0.12,-0.060000002,-35.294117,695.0,897,0.22412885253906245,False,REGULAR,USD
SPY250708P00602000,2025-07-03 17:09:23+00:00,602.0,0.12,0.11,0.12,-0.080000006,-40.000004,711.0,716,0.21631643066406248,False,REGULAR,USD
SPY250708P00603000,2025-07-03 17:14:00+00:00,603.0,0.13,0.13,0.14,-0.10000001,-43.478264,563.0,398,0.213875048828125,False,REGULAR,USD
SPY250708P00604000,2025-07-03 17:14:40+00:00,604.0,0.13,0.14,0.15,-0.14000002,-51.851856,1264.0,718,0.20801573242187496,False,REGULAR,USD
SPY250708P00605000,2025-07-03 17:13:04+00:00,605.0,0.14,0.15,0.16,-0.17999999,-56.25,5285.0,4837,0.20215641601562498,False,REGULAR,USD
SPY250708P00606000,2025-07-03 17:02:18+00:00,606.0,0.16,0.15,0.16,-0.20000002,-55.555557,1521.0,607,0.19385571777343752,False,REGULAR,USD
SPY250708P00607000,2025-07-03 17:04:36+00:00,607.0,0.17,0.18,0.19,-0.24999999,-59.523808,978.0,673,0.19190261230468753,False,REGULAR,USD
SPY250708P00608000,2025-07-03 17:11:20+00:00,608.0,0.19,0.18,0.19,-0.32,-62.745102,1228.0,0,0.18311363769531247,False,REGULAR,USD
SPY250708P00609000,2025-07-03 17:14:39+00:00,609.0,0.22,0.21,0.22,-0.36999997,-62.711864,1588.0,2049,0.179695703125,False,REGULAR,USD
SPY250708P00610000,2025-07-03 17:14:52+00:00,610.0,0.24,0.24,0.25,-0.45999998,-65.71428,3185.0,9530,0.17554535400390625,False,REGULAR,USD
SPY250708P00611000,2025-07-03 17:14:13+00:00,611.0,0.29,0.27,0.28,-0.52,-64.197525,632.0,0,0.1706625903320313,False,REGULAR,USD
SPY250708P00612000,2025-07-03 17:14:47+00:00,612.0,0.33,0.31,0.32,-0.6,-64.516136,977.0,1410,0.1662681030273438,False,REGULAR,USD
SPY250708P00613000,2025-07-03 17:14:49+00:00,613.0,0.37,0.36,0.37,-0.75,-66.96429,527.0,0,0.16236189208984375,False,REGULAR,USD
SPY250708P00614000,2025-07-03 17:13:33+00:00,614.0,0.41,0.41,0.42,-0.87,-67.96875,1331.0,738,0.1577232666015625,False,REGULAR,USD
SPY250708P00615000,2025-07-03 17:14:00+00:00,615.0,0.49,0.47,0.49,-1.02,-67.54967,2801.0,1620,0.1538170556640625,False,REGULAR,USD
SPY250708P00616000,2025-07-03 17:13:46+00:00,616.0,0.56,0.55,0.57,-1.19,-68.0,1542.0,1608,0.14991084472656252,False,REGULAR,USD
SPY250708P00617000,2025-07-03 17:14:53+00:00,617.0,0.65,0.65,0.66,-1.38,-67.98029,2388.0,0,0.145516357421875,False,REGULAR,USD
SPY250708P00618000,2025-07-03 17:14:53+00:00,618.0,0.76,0.76,0.77,-1.5799999,-67.52137,4007.0,1203,0.14136600830078128,False,REGULAR,USD
SPY250708P00619000,2025-07-03 17:14:25+00:00,619.0,0.93,0.89,0.91,-1.74,-65.16853,2891.0,1111,0.1378260046386719,False,REGULAR,USD
SPY250708P00620000,2025-07-03 17:14:54+00:00,620.0,1.08,1.05,1.07,-1.9999999,-64.93507,8943.0,1229,0.13404186279296876,False,REGULAR,USD
SPY250708P00621000,2025-07-03 17:13:26+00:00,621.0,1.3,1.25,1.27,-2.22,-63.06818,1361.0,257,0.13068496276855468,False,REGULAR,USD
SPY250708P00622000,2025-07-03 17:14:42+00:00,622.0,1.52,1.48,1.5,-2.43,-61.51899,3104.0,270,0.12708392456054687,False,REGULAR,USD
SPY250708P00624000,2025-07-03 17:14:59+00:00,624.0,2.09,2.06,2.08,-3.3100002,-61.296295,4724.0,247,0.11939357177734375,False,REGULAR,USD
SPY250708P00625000,2025-07-03 17:14:47+00:00,625.0,2.49,2.43,2.46,-3.2499998,-56.620205,5995.0,39,0.11615874084472656,False,REGULAR,USD
SPY250708P00626000,2025-07-03 17:14:59+00:00,626.0,2.9,2.87,2.89,-3.69,-55.99393,5165.0,13,0.11255770263671874,True,REGULAR,USD
SPY250708P00627000,2025-07-03 17:14:15+00:00,627.0,3.45,3.35,3.39,-5.7300005,-62.418304,1125.0,0,0.10913976806640624,True,REGULAR,USD
SPY250708P00628000,2025-07-03 17:14:53+00:00,628.0,3.98,3.91,3.96,-5.36,-57.387577,286.0,38,0.10584390258789061,True,REGULAR,USD
SPY250708P00629000,2025-07-03 17:09:03+00:00,629.0,4.61,4.53,4.6,-4.4199996,-48.94795,81.0,0,0.10254803710937499,True,REGULAR,USD
SPY250708P00630000,2025-07-03 17:07:26+00:00,630.0,5.27,5.23,5.32,-4.52,-46.16956,563.0,33,0.09998458618164063,True,REGULAR,USD
SPY250708P00635000,2025-07-03 17:03:58+00:00,635.0,9.52,9.55,9.8,-6.0999994,-39.052494,120.0,1,0.10572183349609374,True,REGULAR,USD
SPY250708P00640000,2025-07-03 17:08:47+00:00,640.0,14.6,12.69,16.44,-5.549999,-27.543419,3.0,13,0.2933420275878905,True,REGULAR,USD
SPY250709C00450000,2025-07-03 13:43:54+00:00,450.0,173.43,174.83,177.0,4.9599915,2.9441392,27.0,3,1.51172119140625,True,REGULAR,USD
SPY250709C00540000,2025-07-01 14:29:07+00:00,540.0,77.57,85.05,87.44,0.0,0.0,1.0,2,0.82226740234375,True,REGULAR,USD
SPY250709C00570000,2025-07-03 15:04:20+00:00,570.0,55.87,54.82,57.1,8.459999,17.844334,13.0,2,0.5249070947265625,True,REGULAR,USD
SPY250709C00575000,2025-06-30 19:12:16+00:00,575.0,42.76,49.88,52.11,0.0,0.0,1.0,2,0.6174354663085939,True,REGULAR,USD
SPY250709C00577000,2025-07-02 19:26:09+00:00,577.0,43.49,47.84,49.55,0.0,0.0,47.0,49,0.5429733203125001,True,REGULAR,USD
SPY250709C00578000,2025-07-02 14:35:07+00:00,578.0,41.45,47.16,49.5,0.0,0.0,1.0,1,0.5090381127929688,True,REGULAR,USD
SPY250709C00580000,2025-07-03 15:36:56+00:00,580.0,45.84,44.83,47.51,5.2400017,12.906408,7.0,22,0.6032754516601564,True,REGULAR,USD
SPY250709C00582000,2025-06-26 13:45:56+00:00,582.0,28.45,42.84,44.9,0.0,0.0,,1,0.5317429638671876,True,REGULAR,USD
SPY250709C00585000,2025-07-02 20:14:29+00:00,585.0,35.76,40.16,42.14,0.0,0.0,31.0,33,0.5238084729003907,True,REGULAR,USD
SPY250709C00586000,2025-07-02 20:04:53+00:00,586.0,34.73,38.85,41.51,0.0,0.0,10.0,10,0.5432174584960938,True,REGULAR,USD
SPY250709C00587000,2025-06-27 14:09:26+00:00,587.0,38.5,38.14,40.13,8.879999,29.979738,1.0,0,0.5034229345703125,True,REGULAR,USD
SPY250709C00590000,2025-07-03 15:39:40+00:00,590.0,36.03,35.85,36.0,5.8899994,19.542135,11.0,3,0.3667055517578125,True,REGULAR,USD
SPY250709C00592000,2025-07-03 16:42:24+00:00,592.0,34.49,33.58,33.73,11.330002,48.92056,4.0,0,0.3129951513671875,True,REGULAR,USD
SPY250709C00593000,2025-07-01 13:42:34+00:00,593.0,24.69,32.58,32.74,0.0,0.0,2.0,4,0.30664755859375,True,REGULAR,USD
SPY250709C00595000,2025-07-03 14:56:06+00:00,595.0,30.6,30.6,30.75,4.75,18.375242,1.0,10,0.2924875439453124,True,REGULAR,USD
SPY250709C00596000,2025-07-03 15:22:13+00:00,596.0,29.76,29.82,29.99,4.8500004,19.470095,12.0,12,0.3149482568359374,True,REGULAR,USD
SPY250709C00597000,2025-07-02 14:44:26+00:00,597.0,29.05,28.61,28.77,6.6799984,29.861414,1.0,15,0.27930408203124996,True,REGULAR,USD
SPY250709C00598000,2025-06-30 19:59:00+00:00,598.0,21.61,27.62,27.77,0.0,0.0,,2,0.2712475219726562,True,REGULAR,USD
SPY250709C00599000,2025-07-03 13:34:05+00:00,599.0,24.71,26.63,26.79,5.3599987,27.70025,2.0,0,0.26587648193359376,True,REGULAR,USD
SPY250709C00600000,2025-07-03 17:09:59+00:00,600.0,25.69,25.64,25.8,4.67,22.216936,20.0,45,0.2590406127929688,True,REGULAR,USD
SPY250709C00601000,2025-07-01 15:13:48+00:00,601.0,16.25,24.66,24.81,0.0,0.0,,0,0.25220474365234374,True,REGULAR,USD
SPY250709C00602000,2025-07-03 15:59:02+00:00,602.0,24.27,23.67,23.82,7.0600014,41.02267,1.0,10,0.245124736328125,True,REGULAR,USD
SPY250709C00603000,2025-07-03 13:46:14+00:00,603.0,22.3,22.69,22.84,4.58,25.846502,6.0,12,0.23902128173828124,True,REGULAR,USD
SPY250709C00604000,2025-07-03 16:50:00+00:00,604.0,22.2,21.71,21.86,5.790001,35.283367,27.0,37,0.23267368896484375,True,REGULAR,USD
SPY250709C00605000,2025-07-03 16:50:00+00:00,605.0,21.22,20.73,20.88,4.8999996,30.024508,10.0,84,0.22632609619140626,True,REGULAR,USD
SPY250709C00606000,2025-07-02 19:57:55+00:00,606.0,17.1,19.76,19.91,1.6700001,10.823072,1.0,0,0.22071091796874998,True,REGULAR,USD
SPY250709C00607000,2025-07-02 19:43:17+00:00,607.0,19.75,18.8,18.93,5.79,41.475643,16.0,109,0.213875048828125,True,REGULAR,USD
SPY250709C00608000,2025-07-03 16:40:58+00:00,608.0,18.63,17.83,17.97,5.3499994,40.28614,41.0,61,0.20862607788085932,True,REGULAR,USD
SPY250709C00609000,2025-07-03 14:50:01+00:00,609.0,16.84,16.87,17.01,4.1400003,32.598427,1.0,187,0.2030108996582031,True,REGULAR,USD
SPY250709C00610000,2025-07-03 17:02:27+00:00,610.0,16.19,15.92,16.05,4.3500004,36.73987,40.0,0,0.19702951416015624,True,REGULAR,USD
SPY250709C00611000,2025-07-03 16:39:15+00:00,611.0,15.61,14.98,15.11,4.6899996,42.948715,23.0,170,0.192390888671875,True,REGULAR,USD
SPY250709C00612000,2025-07-03 17:02:27+00:00,612.0,14.32,14.27,14.4,4.2199993,41.78217,93.0,176,0.20264469238281246,True,REGULAR,USD
SPY250709C00613000,2025-07-03 16:52:19+00:00,613.0,13.16,13.3,13.44,3.88,41.81035,19.0,352,0.1948322705078125,True,REGULAR,USD
SPY250709C00614000,2025-07-03 16:39:20+00:00,614.0,12.82,12.21,12.33,4.6799994,57.493847,42.0,559,0.17762052856445312,True,REGULAR,USD
SPY250709C00615000,2025-07-03 16:42:24+00:00,615.0,11.4,11.31,11.43,3.7099996,48.24447,94.0,342,0.17322604125976562,True,REGULAR,USD
SPY250709C00616000,2025-07-03 17:06:14+00:00,616.0,10.56,10.43,10.54,3.6000004,51.72414,112.0,791,0.16858741577148442,True,REGULAR,USD
SPY250709C00617000,2025-07-03 17:07:10+00:00,617.0,9.67,9.57,9.68,3.42,54.72,273.0,1202,0.1648643084716797,True,REGULAR,USD
SPY250709C00618000,2025-07-03 17:13:06+00:00,618.0,8.58,8.73,8.83,3.02,54.316544,6747.0,7009,0.1606529248046875,True,REGULAR,USD
SPY250709C00619000,2025-07-03 16:58:02+00:00,619.0,8.19,7.91,8.0,3.2599998,66.125755,231.0,642,0.15650257568359377,True,REGULAR,USD
SPY250709C00620000,2025-07-03 17:14:13+00:00,620.0,7.07,7.12,7.2,2.75,63.657402,617.0,1482,0.15271843383789066,True,REGULAR,USD
SPY250709C00621000,2025-07-03 17:13:20+00:00,621.0,6.18,6.37,6.43,2.4299998,64.799995,534.0,802,0.14905636108398437,True,REGULAR,USD
SPY250709C00622000,2025-07-03 16:57:06+00:00,622.0,5.68,5.64,5.69,2.3799999,72.12121,2169.0,871,0.14539428833007811,True,REGULAR,USD
SPY250709C00623000,2025-07-03 17:11:20+00:00,623.0,4.86,4.95,4.99,2.1200001,77.37227,1624.0,0,0.14203738830566404,True,REGULAR,USD
SPY250709C00624000,2025-07-03 17:14:19+00:00,624.0,4.26,4.3,4.33,1.9300003,82.832634,4169.0,1933,0.1388025573730469,True,REGULAR,USD
SPY250709C00625000,2025-07-03 17:14:59+00:00,625.0,3.69,3.69,3.72,1.7800001,93.193726,3312.0,1020,0.1358728991699219,True,REGULAR,USD
SPY250709C00626000,2025-07-03 17:14:21+00:00,626.0,3.05,3.04,3.05,1.4699999,93.03797,2672.0,144,0.1289149609375,False,REGULAR,USD
SPY250709C00627000,2025-07-03 17:13:15+00:00,627.0,2.48,2.6,2.63,1.19,92.24807,2331.0,1707,0.12983047912597656,False,REGULAR,USD
SPY250709C00628000,2025-07-03 17:10:50+00:00,628.0,2.12,2.13,2.15,1.1099999,109.90098,957.0,0,0.12653461364746094,False,REGULAR,USD
SPY250709C00629000,2025-07-03 17:12:34+00:00,629.0,1.64,1.71,1.73,0.84999996,107.59493,2491.0,896,0.1235439208984375,False,REGULAR,USD
SPY250709C00630000,2025-07-03 17:14:58+00:00,630.0,1.35,1.35,1.37,0.74,121.31148,4328.0,2302,0.1209194354248047,False,REGULAR,USD
SPY250709C00635000,2025-07-03 17:14:07+00:00,635.0,0.29,0.28,0.29,0.17999999,163.63637,7526.0,8346,0.10816321533203124,False,REGULAR,USD
SPY250709C00640000,2025-07-03 17:14:56+00:00,640.0,0.05,0.04,0.05,0.020000001,66.66667,3978.0,2108,0.1069425244140625,False,REGULAR,USD
SPY250709C00645000,2025-07-03 17:09:24+00:00,645.0,0.02,0.01,0.02,0.01,100.0,1428.0,622,0.1211025390625,False,REGULAR,USD
SPY250709C00650000,2025-07-03 16:53:36+00:00,650.0,0.02,0.01,0.02,0.01,100.0,444.0,171,0.148446015625,False,REGULAR,USD
SPY250709C00655000,2025-07-03 15:44:45+00:00,655.0,0.01,0.0,0.01,0.0,0.0,3307.0,3101,0.1601646484375,False,REGULAR,USD
SPY250709C00665000,2025-07-01 18:49:09+00:00,665.0,0.01,0.0,0.01,0.0,0.0,11.0,12,0.20703917968749996,False,REGULAR,USD
SPY250709C00675000,2025-06-30 19:38:52+00:00,675.0,0.01,0.0,0.01,0.0,0.0,2.0,3,0.25391371093750004,False,REGULAR,USD
SPY250709P00450000,2025-06-30 13:51:04+00:00,450.0,0.01,0.0,0.01,0.0,0.0,1.0,0,0.937500625,False,REGULAR,USD
SPY250709P00455000,2025-06-30 18:56:37+00:00,455.0,0.01,0.0,0.01,0.0,0.0,100.0,100,0.9062509375,False,REGULAR,USD
SPY250709P00460000,2025-06-30 19:38:52+00:00,460.0,0.01,0.0,0.01,0.0,0.0,1.0,11,0.87500125,False,REGULAR,USD
SPY250709P00465000,2025-06-27 16:04:59+00:00,465.0,0.02,0.0,0.01,0.0,0.0,40.0,40,0.8437515624999999,False,REGULAR,USD
SPY250709P00470000,2025-07-01 19:35:08+00:00,470.0,0.01,0.0,0.01,0.0,0.0,30.0,31,0.8125018749999999,False,REGULAR,USD
SPY250709P00475000,2025-07-02 13:47:46+00:00,475.0,0.01,0.0,0.01,0.0,0.0,900.0,999,0.7812521875,False,REGULAR,USD
SPY250709P00480000,2025-07-02 14:05:02+00:00,480.0,0.01,0.0,0.01,0.0,0.0,1800.0,902,0.7500025,False,REGULAR,USD
SPY250709P00485000,2025-07-02 14:08:55+00:00,485.0,0.01,0.0,0.01,0.0,0.0,915.0,1055,0.73437765625,False,REGULAR,USD
SPY250709P00490000,2025-06-27 18:46:51+00:00,490.0,0.05,0.0,0.01,0.0,0.0,1.0,1,0.70312796875,False,REGULAR,USD
SPY250709P00495000,2025-06-27 18:16:51+00:00,495.0,0.05,0.0,0.01,0.0,0.0,1.0,1,0.6718782812500002,False,REGULAR,USD
SPY250709P00500000,2025-07-03 15:07:19+00:00,500.0,0.01,0.01,0.02,0.0,0.0,6.0,0,0.710940390625,False,REGULAR,USD
SPY250709P00505000,2025-07-03 13:30:01+00:00,505.0,0.01,0.01,0.02,-0.01,-50.0,10.0,106,0.6796907031250001,False,REGULAR,USD
SPY250709P00510000,2025-07-03 14:53:52+00:00,510.0,0.01,0.01,0.02,-0.07,-87.5,1.0,7,0.648441015625,False,REGULAR,USD
SPY250709P00515000,2025-07-03 13:35:41+00:00,515.0,0.01,0.01,0.02,-0.02,-66.66667,25.0,146,0.6250037500000001,False,REGULAR,USD
SPY250709P00520000,2025-07-02 14:33:09+00:00,520.0,0.02,0.01,0.02,0.0,0.0,140.0,494,0.5937540625000001,False,REGULAR,USD
SPY250709P00525000,2025-07-02 14:33:07+00:00,525.0,0.02,0.01,0.02,0.0,0.0,100.0,305,0.5625043750000001,False,REGULAR,USD
SPY250709P00530000,2025-07-03 16:52:19+00:00,530.0,0.01,0.01,0.02,0.0,0.0,556.0,454,0.5390671093750001,False,REGULAR,USD
SPY250709P00535000,2025-07-03 16:48:44+00:00,535.0,0.01,0.02,0.03,-0.02,-66.66667,876.0,895,0.5312546875,False,REGULAR,USD
SPY250709P00540000,2025-07-03 17:06:11+00:00,540.0,0.02,0.02,0.03,-0.01,-33.333336,457.0,122,0.5039112109375,False,REGULAR,USD
SPY250709P00545000,2025-07-03 15:07:12+00:00,545.0,0.02,0.02,0.03,-0.02,-50.0,691.0,58,0.48438015625,False,REGULAR,USD
SPY250709P00550000,2025-07-03 16:52:13+00:00,550.0,0.03,0.03,0.04,-0.01,-25.0,480.0,131,0.4687553125,False,REGULAR,USD
SPY250709P00555000,2025-07-02 13:41:18+00:00,555.0,0.03,0.03,0.04,-0.01,-25.0,101.0,1020,0.43945873046875,False,REGULAR,USD
SPY250709P00560000,2025-07-02 13:42:21+00:00,560.0,0.06,0.03,0.04,0.0,0.0,1.0,322,0.4101621484375,False,REGULAR,USD
SPY250709P00565000,2025-07-03 15:48:34+00:00,565.0,0.05,0.04,0.05,0.020000001,66.66667,4.0,381,0.38867798828125,False,REGULAR,USD
SPY250709P00570000,2025-07-02 14:08:00+00:00,570.0,0.06,0.05,0.06,0.0,0.0,3.0,322,0.367193828125,False,REGULAR,USD
SPY250709P00575000,2025-07-03 17:01:24+00:00,575.0,0.05,0.05,0.06,0.010000002,25.000006,16.0,1331,0.335944140625,False,REGULAR,USD
SPY250709P00577000,2025-07-03 13:34:53+00:00,577.0,0.04,0.06,0.07,-0.089999996,-69.230774,61.0,592,0.33008482421874996,False,REGULAR,USD
SPY250709P00578000,2025-07-03 16:48:27+00:00,578.0,0.07,0.05,0.06,0.0,0.0,67.0,0,0.317389638671875,False,REGULAR,USD
SPY250709P00579000,2025-07-02 15:44:53+00:00,579.0,0.04,0.05,0.06,-0.030000001,-42.857143,1.0,57,0.31153032226562494,False,REGULAR,USD
SPY250709P00580000,2025-07-03 15:30:09+00:00,580.0,0.07,0.05,0.06,-0.020000003,-22.222225,7.0,219,0.305671005859375,False,REGULAR,USD
SPY250709P00581000,2025-07-03 15:57:33+00:00,581.0,0.08,0.07,0.08,0.0,0.0,5.0,16,0.31055376953124997,False,REGULAR,USD
SPY250709P00582000,2025-07-03 16:48:15+00:00,582.0,0.08,0.06,0.07,0.02,33.333336,71.0,793,0.29883513671874995,False,REGULAR,USD
SPY250709P00583000,2025-07-03 13:40:41+00:00,583.0,0.05,0.08,0.09,-0.05,-50.0,1.0,5,0.30274134765625,False,REGULAR,USD
SPY250709P00584000,2025-07-02 20:01:32+00:00,584.0,0.06,0.06,0.07,0.0,0.0,34.0,45,0.28613995117187496,False,REGULAR,USD
SPY250709P00585000,2025-07-03 15:44:29+00:00,585.0,0.09,0.07,0.08,0.020000003,28.571432,26.0,1403,0.28516339843749994,False,REGULAR,USD
SPY250709P00586000,2025-07-03 16:38:18+00:00,586.0,0.1,0.07,0.08,0.030000001,42.857143,32.0,72,0.278327529296875,False,REGULAR,USD
SPY250709P00587000,2025-07-03 14:37:41+00:00,587.0,0.09,0.07,0.08,0.0,0.0,43.0,273,0.27246821289062495,False,REGULAR,USD
SPY250709P00588000,2025-07-03 16:24:08+00:00,588.0,0.1,0.08,0.09,-0.019999996,-16.666664,4.0,42,0.270515107421875,False,REGULAR,USD
SPY250709P00589000,2025-07-03 17:05:31+00:00,589.0,0.09,0.08,0.09,-0.14999999,-62.5,101.0,0,0.26367923828125,False,REGULAR,USD
SPY250709P00590000,2025-07-03 17:05:19+00:00,590.0,0.1,0.08,0.09,0.020000003,25.000006,162.0,0,0.257819921875,False,REGULAR,USD
SPY250709P00591000,2025-07-03 16:59:34+00:00,591.0,0.1,0.09,0.1,0.0,0.0,82.0,68,0.25489026367187506,False,REGULAR,USD
SPY250709P00592000,2025-07-03 14:52:22+00:00,592.0,0.09,0.12,0.13,-0.009999998,-9.999998,31.0,217,0.25830819824218754,False,REGULAR,USD
SPY250709P00593000,2025-07-03 15:21:39+00:00,593.0,0.11,0.1,0.11,-0.009999998,-8.333332,146.0,0,0.245124736328125,False,REGULAR,USD
SPY250709P00594000,2025-07-03 17:13:49+00:00,594.0,0.1,0.1,0.11,-0.04,-28.571426,285.0,687,0.23828886718749998,False,REGULAR,USD
SPY250709P00595000,2025-07-03 16:56:09+00:00,595.0,0.13,0.11,0.12,-0.030000001,-18.750002,635.0,1366,0.2348709326171875,False,REGULAR,USD
SPY250709P00596000,2025-07-03 16:44:00+00:00,596.0,0.15,0.11,0.12,-0.03999999,-21.052628,659.0,0,0.2280350634765625,False,REGULAR,USD
SPY250709P00597000,2025-07-03 16:56:50+00:00,597.0,0.14,0.12,0.13,-0.040000007,-22.222225,940.0,2423,0.22412885253906245,False,REGULAR,USD
SPY250709P00598000,2025-07-03 16:59:03+00:00,598.0,0.13,0.13,0.14,-0.07000001,-35.000004,239.0,813,0.22022264160156246,False,REGULAR,USD
SPY250709P00599000,2025-07-03 16:46:26+00:00,599.0,0.16,0.14,0.15,-0.08,-33.333336,51.0,0,0.215828154296875,False,REGULAR,USD
SPY250709P00600000,2025-07-03 17:14:24+00:00,600.0,0.17,0.15,0.16,-0.11,-39.285713,1591.0,4815,0.21094539062499998,False,REGULAR,USD
SPY250709P00601000,2025-07-03 17:07:02+00:00,601.0,0.17,0.16,0.17,-0.13000001,-43.333332,225.0,354,0.20606262695312497,False,REGULAR,USD
SPY250709P00602000,2025-07-03 17:00:14+00:00,602.0,0.18,0.18,0.19,-0.16,-47.058823,116.0,514,0.20264469238281246,False,REGULAR,USD
SPY250709P00603000,2025-07-03 17:13:49+00:00,603.0,0.2,0.2,0.21,-0.18999998,-48.717945,329.0,1050,0.1992267578125,False,REGULAR,USD
SPY250709P00604000,2025-07-03 16:53:12+00:00,604.0,0.25,0.22,0.23,-0.21000001,-45.652176,378.0,324,0.195320546875,False,REGULAR,USD
SPY250709P00605000,2025-07-03 17:13:11+00:00,605.0,0.25,0.24,0.25,-0.26999998,-51.923073,3690.0,5826,0.1909260595703125,False,REGULAR,USD
SPY250709P00606000,2025-07-03 16:59:47+00:00,606.0,0.25,0.26,0.27,-0.33999997,-57.627117,636.0,546,0.1860432958984375,False,REGULAR,USD
SPY250709P00607000,2025-07-03 17:06:23+00:00,607.0,0.29,0.29,0.3,-0.39000002,-57.352943,1348.0,0,0.18238122314453126,False,REGULAR,USD
SPY250709P00608000,2025-07-03 17:12:10+00:00,608.0,0.34,0.33,0.34,-0.42999998,-55.84415,560.0,1276,0.17920742675781248,False,REGULAR,USD
SPY250709P00609000,2025-07-03 17:14:11+00:00,609.0,0.38,0.37,0.38,-0.52,-57.777775,2083.0,572,0.17554535400390625,False,REGULAR,USD
SPY250709P00610000,2025-07-03 17:13:46+00:00,610.0,0.43,0.42,0.43,-0.59999996,-58.252422,1777.0,1281,0.17237155761718753,False,REGULAR,USD
SPY250709P00611000,2025-07-03 16:55:33+00:00,611.0,0.49,0.45,0.46,-0.68999994,-58.474575,262.0,993,0.16651224121093755,False,REGULAR,USD
SPY250709P00612000,2025-07-03 17:14:36+00:00,612.0,0.56,0.54,0.55,-0.79,-58.518517,481.0,687,0.1656577575683594,False,REGULAR,USD
SPY250709P00613000,2025-07-03 17:04:53+00:00,613.0,0.59,0.61,0.62,-0.95,-61.68831,444.0,735,0.16199568481445312,False,REGULAR,USD
SPY250709P00614000,2025-07-03 17:14:25+00:00,614.0,0.71,0.7,0.71,-0.9800001,-57.988167,290.0,349,0.15906602661132813,False,REGULAR,USD
SPY250709P00615000,2025-07-03 17:14:12+00:00,615.0,0.81,0.8,0.81,-1.1600001,-58.88325,3934.0,725,0.15601429931640626,False,REGULAR,USD
SPY250709P00616000,2025-07-03 17:13:18+00:00,616.0,0.95,0.91,0.93,-1.3,-57.777775,615.0,595,0.1530846411132813,False,REGULAR,USD
SPY250709P00617000,2025-07-03 17:14:02+00:00,617.0,1.06,1.05,1.06,-1.44,-57.600002,894.0,991,0.14984981018066407,False,REGULAR,USD
SPY250709P00618000,2025-07-03 17:14:01+00:00,618.0,1.24,1.22,1.24,-1.6199999,-56.643356,3578.0,1668,0.14820187744140628,False,REGULAR,USD
SPY250709P00619000,2025-07-03 17:11:26+00:00,619.0,1.4,1.38,1.4,-1.8100001,-56.38629,1893.0,980,0.1442346319580078,False,REGULAR,USD
SPY250709P00620000,2025-07-03 17:14:56+00:00,620.0,1.61,1.58,1.6,-1.9999999,-55.401657,2824.0,769,0.14106083557128907,False,REGULAR,USD
SPY250709P00621000,2025-07-03 17:14:45+00:00,621.0,1.86,1.82,1.84,-2.21,-54.299755,798.0,259,0.13843635009765626,False,REGULAR,USD
SPY250709P00622000,2025-07-03 17:14:24+00:00,622.0,2.13,2.09,2.11,-2.35,-52.455353,2180.0,256,0.13562876098632815,False,REGULAR,USD
SPY250709P00623000,2025-07-03 17:14:39+00:00,623.0,2.45,2.39,2.41,-2.57,-51.195217,1810.0,68,0.13257703369140628,False,REGULAR,USD
SPY250709P00624000,2025-07-03 17:14:35+00:00,624.0,2.8,2.73,2.76,-2.8,-50.0,2094.0,0,0.129891513671875,False,REGULAR,USD
SPY250709P00625000,2025-07-03 17:14:47+00:00,625.0,3.18,3.12,3.15,-3.03,-48.79227,3659.0,289,0.12708392456054687,False,REGULAR,USD
SPY250709P00626000,2025-07-03 17:14:21+00:00,626.0,3.63,3.55,3.58,-4.2799997,-54.108723,1801.0,44,0.12397116271972657,True,REGULAR,USD
SPY250709P00630000,2025-07-03 17:13:59+00:00,630.0,5.87,5.77,5.84,-3.9800005,-40.406097,226.0,90,0.11219149536132811,True,REGULAR,USD
SPY250709P00660000,2025-06-27 18:48:58+00:00,660.0,48.27,32.73,35.44,0.0,0.0,2.0,0,0.3549869189453124,True,REGULAR,USD
SPY250709P00690000,2025-06-30 13:34:30+00:00,690.0,73.46,62.72,65.11,0.0,0.0,1.0,0,0.5102588037109376,True,REGULAR,USD
